id,type,title,company,location,salary,source,date,gmail_url,job_url,notes_summary,jd_paste,decision
143,QUEUED,Responsable Administratif et Financier (F/H),VINCI Energies France Centre Est Méditerranée,Saint-Jean-de-Moirans (38),,Indeed,2026-05-04,https://mail.google.com/mail/u/0/#all/19dff30a2b7b879c,https://fr.indeed.com/viewjob?jk=1cf689150d3dc8,"RAF CDI at VINCI Energies France CE Méditerranée, Saint-Jean-de-Moirans (Yellow zone). Salary missing.","Description du poste
Pour VINCI Energies, l'amélioration de la performance est au cœur de tous nos projets : optimiser la productivité, améliorer l'organisation et les coûts de la maintenance, augmenter la disponibilité et la durée de vie des installations, réduire la consommation énergétique...

Description du poste
VINCI Energies France Centre Est Méditerranée recherche pour son site de Saint Jean de Moirans, à proximité de Grenoble :

Un Responsable Administratif et Financier (F/H)

Véritable bras droit de la Direction, vous intervenez sur des missions variées pour accompagner les opérationnels dans la bonne gestion contractuelle et financière de leurs projets.

Vous êtes garant de la cohérence et de la fiabilité des informations comptables, analytiques et financières que vous remonterez à la Direction Générale.

Manager direct de l’équipe administrative et comptable, vous participez et assurez la bonne réalisation des missions suivantes :

Garant de la bonne tenue de la comptabilité générale jusqu'à l'établissement des documents d’arrêté de comptes annuels et de la liasse fiscale
Supervision de la paie
Reporting mensuels groupe (analytique, financiers, RH, sécurité)
Etablissement des liasses de consolidation Groupe
Analyse et contrôle des résultats de gestion
Etablissement et suivi des budgets
Amélioration des process de l’entreprise en cohérence avec les règles de contrôles internes du groupe.
Interface pour les relations avec les CAC
Profil recherché
Vous êtes diplômé d'une formation supérieure en Comptabilité, Gestion et Management (bac+4 / bac+5).
Vous possédez une expérience d'au moins 5 ans sur une fonction similaire
La connaissance de SAP serait un plus
Rémunération selon profil
En rejoignant notre structure, vous découvrirez une organisation décentralisée proche des enjeux locaux et collaborant en réseaux avec l'ensemble des entités du Groupe.

Vous découvrirez également une culture d'entrepreneur, d'autonomie, de confiance et de solidarité.",
137,QUEUED,Consolideur - h/f,Compagnie des Alpes,Chambéry (73),,Indeed,2026-05-04,https://mail.google.com/mail/u/0/#all/19df8f33f43561d6,https://fr.indeed.com/viewjob?jk=46307d17a8d802,"Consolidation specialist at Compagnie des Alpes (Chambéry, Yellow zone). Major leisure group. Consolidation is core back","Description du poste
Description entreprise :
Depuis 1989, la Compagnie des Alpes (CDA) crée des expériences de loisirs inoubliables, offrant à chacun l'opportunité de se reconnecter à soi-même et aux autres dans des lieux d'exception. Avec plus de 6 800 collaborateurs, 10 des plus beaux domaines skiables des Alpes, 12 parcs de loisirs renommés, la première marketplace de séjours alpins en France, le 1er réseau d'agences immobilières des Alpes, un opérateur de résidences et club de loisirs, des activités outdoor et même un train de nuit vers les Alpes… la CDA opère au service de la Très Grande Satisfaction de ses clients et des territoires. Récompensée pour ses concepts uniques et la qualité de son offre – des aménagements structurants à la digitalisation – la CDA s'engage activement pour la vitalité et la qualité de vie des territoires, tout en étant un moteur de la transition écologique. Le Groupe privilégie le dialogue avec ses parties prenantes et respecte les spécificités locales pour développer des solutions durables, avec l’objectif d’atteindre le Net Zéro Carbone (scope 1 et 2) d'ici 2030.

Domaines Skiables et Activités Outdoor : La Plagne, Les Arcs, Peisey-Vallandry, Tignes, Val d’Isère, Les Menuires, Méribel, Serre Chevalier, Flaine, Samoëns – Morillon – Sixt-Fer-à-Cheval, Pralognan-la-Vanoise, Evolution 2
Parcs de Loisirs : Parc Astérix, Futuroscope Xperiences, Walibi Rhône-Alpes, Grévin Paris, France Miniature, Walibi Belgium (BE), Aqualibi (BE), Bellewaerde Park (BE), Bellewaerde Aquapark (BE), Walibi Holland (NL), Familypark (AT), Belantis (DE)
Distribution et Hospitality : Travelfactory (Travelski, Yoonly, Travelski Night Express…), Mountain Collection Immobilier, MMV, Yoonly & Friends
Expertises Transverses : Ingelo, CDA Management, CDA Développement
La Compagnie des Alpes garantit l'égalité de traitement et la non-discrimination dans son processus de recrutement. Nos postes sont ouverts aux collaborateurs en situation de handicap, les aménagements de poste nécessaires pourront être apportés.

Description du poste :
Mission générale :

Rattaché.e au Responsable Consolidation du groupe Compagnie des Alpes, vous aurez un rôle essentiel dans la production et la sécurisation des états financiers consolidés du Groupe, en conformité avec les normes IFRS et répondant aux exigences du Groupe.

Vous contribuerez activement à l’animation du processus de clôture, à l’accompagnement des filiales et aux projets structurants du service tels que l’évolution des outils de consolidation ou l’intégration de nouvelles acquisitions.

Fonctions

En tant que Consolideur (F-H), vos missions principales seront les suivantes :

Production et pilotage du processus de consolidation

Réaliser les consolidations mensuelles, trimestrielles, semestrielles et annuelles, ainsi que les estimés et un Plan Moyen Terme (PMT) à 10 ans (incluant plusieurs scénarios) ;
Rédiger les instructions de clôture et en contrôler la bonne application par les filiales ;
Assurer la qualité des liasses de consolidation, accompagner les sites dans leurs remontées et veiller à la bonne utilisation de l’outil de consolidation ;
Superviser le « tagging » des états financiers consolidés et adapter le mapping selon les évolutions réglementaires ;
Assurer la gestion et la transmission des liasses consolidées destinées à la CDC.
Conformité IFRS

Analyser et traiter les retraitements liés à la transposition des comptes locaux vers les normes IFRS ;
Suivre les évolutions des normes IFRS, évaluer leur impact et mettre à jour le Manuel Groupe ainsi que le recueil des normes comptables du groupe ;
Réaliser annuellement les impairment tests et documenter les conclusions ;
Outils financiers

Gérer l’outil Anaplan pour le suivi des contrats de location IFRS 16 ;
Contribuer activement au projet de remplacement de l’outil BFC par Onestream.
Vous participerez également à l’intégration des nouvelles acquisitions du groupe, au suivi des variations de périmètre (prises de participation, cessions) et à leurs impacts sur les comptes consolidés.

Vous serez aussi en relation avec les commissaires aux comptes concernant leurs travaux sur les comptes consolidés, ainsi que les informations demandées dans le cadre de l’audit réalisé par les experts-comptables des CSE.


Profil recherché :
Diplômé.e d’un Bac +5 (DESCF, école de commerce ou équivalent avec spécialisation en finance), vous justifiez d’une première expérience sur un poste similaire, idéalement acquise au sein d’un service consolidation d’un grand groupe.

Vous disposez d’une bonne maîtrise des règles de consolidation, notamment dans un environnement de sociétés cotées, ainsi que des normes IFRS et des principes comptables français.

Votre niveau d’anglais est professionnel, et vous êtes à l’aise autant dans la rédaction de documents en français qu’en anglais.

Rigoureux.se et précis.e dans la manipulation des chiffres, vous faites preuve d’un solide sens de l’organisation, de la gestion des priorités et d’un véritable esprit d’analyse et de synthèse.

Doté.e d’un bon relationnel, vous savez travailler efficacement en équipe et dans un environnement matriciel.

Curieux.se, ouvert.e d’esprit et force de proposition, vous êtes capable d’anticiper les besoins et de contribuer activement à l’amélioration continue des processus.


Des déplacements ponctuels sur Paris ou dans les filiales du groupe sont à prévoir.

",
99,QUEUED,Assistant gestion financière (LPSC),CNRS,Grenoble (38),Not stated,Indeed,2026-04-30,https://mail.google.com/mail/u/0/#all/19de492be3eb489e,https://fr.indeed.com/viewjob?jk=50dfa41f8db7d7,"Finance/accounting role at CNRS LPSC (particle physics lab, Grenoble, Green zone). Salary missing. Separate posting from","Lieu
Trajet estimé
Job address
53 Avenue Des Martyrs, 38000 Grenoble
&nbsp;
Avantages
Extraits de la description complète du poste
RTT
&nbsp;
Description du poste
L'offre en un coup d'oeil
L'unité
Délégation Alpes

Type de Contrat
Mobilité Interne (NOEMI)

Temps de Travail
Complet

Lieu de Travail
38000 GRENOBLE



Date limite de candidature : mardi 2 juin 2026 17:00

Description du Poste
Les Missions

Le/la gestionnaire financier-e a pour mission, d'une part, d'apporter une assistance de proximité aux
Unités qui rencontrent des difficultés temporaires en matière de gestion financière, et, d'autre part,
d'assurer le suivi des missions des agents des convoqués par l'administration centrale ou par la
formation permanente.

L'Activité

1 Apporter une assistance de proximité, en matière de gestion administrative et financière, aux
Unités de recherche ou d'appui et de recherche
Procéder à l'engagement des commandes dans le respect des règles en vigueur (achats, financeurs)
Garantir le suivi du processus de service fait
Traiter les flux de gestion dématérialisés pour permettre le règlement des factures
Gérer les missions : procéder aux réservations de titres de transport et/ou d'hébergement, établir
les ordres de mission et contrôler les états de frais
Interagir avec les services « Finances, Achats et Comptabilité pour apporter les éléments de
réponse aux questions posées par les Unités en difficulté
Adapter les pratiques professionnelles à l'évolution de la réglementation et mettre à jour les
procédures applicables dans une logique de continuité du service

2 Assurer le suivi des missions des agents de la circonscription
Conseiller et accompagner les agents dans l'appropriation et la mise en application des procédures
liées aux missions
Gérer les missions dans le cadre du marché « ESR Mission » : procéder à la validation des demandes
de réservation de titres de transport et/ou d'hébergement ; établir les ordres de mission ; au
retour de mission, collecter et contrôler les pièces justificatives ; établir les états de frais
Etablir des bilans financiers et réaliser des points de situation
Mettre en œuvre un classement efficient et un archivage des pièces administratives et comptables

3 Gestion de l'ensemble des crédits de la Délégation Alpes en tant qu'unité
Traiter les demandes de dépenses de fonctionnement et d'équipement
Conseiller et accompagner les responsables des différents services dans la gestion de leurs
enveloppes budgétaires respectives

4 Participer au collectif du SAG
Participer activement au collectif du service « Affaires Générales »
Contribuer à la continuité de service et participer à des missions ponctuelles

Votre Profil
Compétences

Savoirs / connaissances
Connaître les règles fondamentales du code des marchés publics
Comprendre les textes réglementaires en vue de leur juste application
Savoir mettre en œuvre les règles financières et comptables édictées par le CNRS

Savoir-faire
Savoir gérer son activité dans le respect d'un calendrier et d'un cadre de gestion complexe
Maîtriser les outils bureautiques et les techniques de communication
Savoir rédiger des notes et des procédures
Maîtriser les techniques de contrôle interne

Savoirs-être
Avoir le sens de l'organisation ; savoir prioriser les actions ; savoir rendre compte auprès
de la hiérarchie
Disposer de qualités relationnelles et pédagogiques
Faire preuve de rigueur, d'autonomie et de capacité d'adaptation
Avoir le sens du travail en équipe
Savoir respecter la confidentialité des informations

Votre Environnement de Travail
Au sein de la circonscription Alpes (Isère, Savoie et Haute-Savoie), le CNRS est l'un des principaux
acteurs publics de la recherche scientifique, aux côtés des Établissements d'Enseignement Supérieur
et de Recherche (Universités, Écoles, etc.) et d'autres organismes nationaux (Inserm, Inria, etc.).
Il regroupe environ 2 300 agents, chercheurs, ingénieurs, techniciens et personnels administratifs.
La Délégation Régionale Alpes, située sur la Presqu'île de Grenoble, regroupe 8 services qui
accompagnent 70 Unités de recherche dans la bonne réalisation de leur mission de recherche
scientifique.

L'agent est affecté auprès du Service « Affaires Générales » nouvellement créé au sein de la
Délégation Régionale Alpes du CNRS et composé de 5 agents. Il/elle est placé-e sous la
responsabilité hiérarchique directe de la responsable de ce service.

Les activités pouvant être réalisées en télétravail seront à définir avec la responsable du service,
sous réserve de respecter la réglementation en vigueur au CNRS.

La personne recrutée pourra bénéficier de formations et d'un accompagnement pour parfaire ses
compétences.


Rémunération et avantages
Rémunération
Congés et RTT annuels
44 jours

Pratique et Indemnisation du TT
Pratique et indemnisation du TT

Transport
Prise en charge à 75% du coût et forfait mobilité durable jusqu’à 300€

À propos de l’offre
Référence de l’offre
MOY1100-MOBINT-Q96017

Secteur d’activité
Gestion et Pilotage

Emploi type
Assistant en gestion financiere et comptable (H/F)

Session
Hiver 2026

Groupe de Fonction
AIG2

À propos du CNRS
Le CNRS est un acteur majeur de la recherche fondamentale à une échelle mondiale. Le CNRS est le seul organisme français actif dans tous les domaines scientifiques. Sa position unique de multi-spécialiste lui permet d’associer les différentes disciplines pour affronter les défis les plus importants du monde contemporain, en lien avec les acteurs du changement.

Le CNRS
Les métiers de la recherche",
132,QUEUED,RESPONSABLE ADMINISTRATIF ET FINANCIER (H/F),Intermarché,Vif (38),,Indeed,2026-05-04,https://mail.google.com/mail/u/0/#all/19dfa2e503113382,https://fr.indeed.com/viewjob?jk=5b634463a58088,"RAF title at Intermarché, Vif (Green zone). Salary and hybrid policy not stated in listing.","Lieu
38450 Vif
&nbsp;
Description du poste
Description de l'entreprise

Le Groupement Mousquetaires, ce sont 7 enseignes de la grande distribution, 150 000 collaborateurs et plus de 3 000 chefs d'entreprise indépendants !

Intermarché & Netto fait du mieux manger accessible à tous une réalité. Notre indépendance et la diversité de nos métiers nous permettent de répondre aux attentes des Français et nous propulsent au rang de 3e distributeur. Chaque métier compte pour écrire l'avenir de la distribution alimentaire.

Prêt.e à faire la différence ? Rejoignez-nous !


Description du poste

Vous êtes expert(e) en finance et administratif et souhaitez travailler dans un environnement magasin multi-établissements ?

Nous recherchons un(e) Responsable administratif et financier pour définir et superviser la gestion administrative (procédures, fonctionnement, affaires juridiques, ...) et financière (trésorerie, contrôle de gestion, ...) de nos magasins alimentaires présents sur la région grenobloise selon les choix stratégiques adoptés par les instances dirigeantes et les réglementations (financières, fiscales et commerciales) nationales ou internationales.

Votre rôle consistera à :

Pilotage et maîtrise des coûts

Gérer la relation avec les fournisseurs, sous-traitants, prestataires
Assurer la gestion administrative d'une activité
Gestion et contrôle

Élaborer, suivre et piloter un budget
Réaliser des opérations comptables
Superviser les procédures de gestion financière
Mettre en œuvre un contrôle de gestion, un audit interne
Gérer la trésorerie

Coordonner et superviser la gestion du patrimoine mobilier et immobilier
Définir la stratégie financière d'une structure
Développement commercial

Réaliser des actions de négociation avec des financeurs
Calculer les marges, la rentabilité d'un produit ou d'une activité

Qualifications

Qualifications :

Diplôme en Finance, Comptabilité ou domaine connexe
Expérience préalable dans un poste similaire souhaitée
Solides compétences en analyse financière et budgétaire
Connaissance des normes comptables et fiscales
Capacité à travailler sous pression et à respecter les délais impartis
Leadership avéré dans la gestion d'équipes administratives ou financières
Avantages :

Statut cadre au forfait jours
Salaire à définir selon profil et expérience


Informations supplémentaires

Seules les compétences font la différence. Le Groupement Mousquetaires s'engage activement en faveur de la diversité, en créant un environnement de travail inclusif qui garantit l'égalité des opportunités pour chacun(e).

&nbsp;",
126,QUEUED,Financial analyst,BD,Le Pont-de-Claix (38),,Indeed,2026-05-03,https://mail.google.com/mail/u/0/#all/19df50116131bc25,https://fr.indeed.com/viewjob?jk=86665ac6971cde,BD Financial analyst Le Pont-de-Claix (Green) — salary and hybrid policy unknown; BD (Becton Dickinson) major pharma/med,link broken,D
136,QUEUED,ACHETEUR H/F,Lynred,Veurey-Voroize (38),,Indeed,2026-05-04,https://mail.google.com/mail/u/0/#all/19df93460b6f6b4c,https://fr.indeed.com/viewjob?jk=c740f526005087,"Buyer role at Lynred (Thales+Safran JV, infrared sensors, Veurey-Voroize — Green zone). Procurement is in background. Se","Lieu
Veurey-Voroize (38)
&nbsp;
Description du poste
Intitulé du poste
ACHETEUR H/F

Description entreprise
Rejoindre LYNRED, c’est intégrer un leader mondial des technologies infrarouges et contribuer à des innovations qui repoussent les limites du visible.


Au cœur d’enjeux stratégiques — spatial, défense, sécurité et applications commerciales — nos équipes conçoivent des technologies de pointe utilisées partout dans le monde. De l’exploration spatiale aux systèmes embarqués de dernière génération, nos détecteurs couvrent l’ensemble du spectre infrarouge et s’intègrent dans des équipements développés par les plus grands acteurs internationaux.


Travailler chez LYNRED, c’est évoluer dans un environnement high-tech, stimulant et international, où l’innovation, la collaboration et l’expertise technique sont au cœur des projets.


Avec Safran et Thales comme actionnaires, LYNRED offre à ses collaborateurs un équilibre unique entre la solidité d’acteurs majeurs et l’agilité d’une organisation à taille humaine.


Ici, chaque talent contribue concrètement à des technologies qui font la différence — sur Terre comme dans l’espace.

En quoi consiste le poste ?
Rattaché(e) à la Direction des achats et supply chain, vous êtes responsable d’un portefeuille stratégique pour la société. Vous concevez et mettez en place pour l’ensemble des acteurs de ce portefeuille des solutions d’approvisionnement qui répondent à leurs besoins en Coût, Qualité et Délai dans le respect des règles de l’entreprise.


Les missions :


Analyser les besoins auprès des clients internes pour son portefeuille
Lancer les consultations et analyser des offres
Préparer la négociation avec les fournisseurs
Gérer le portefeuille fournisseur : visite et réunion fournisseur, suivi des risques et évaluation fournisseur
Faire évoluer la stratégie achat et suivre les plans d'actions en conséquence
Elaborer les budgets annuels et en assurer le reporting auprès du management
Rédiger, avec l’appui du service juridique, les contrats/engagements
Réaliser une veille technologique et commerciale permettant de proposer de nouvelles opportunités et de favoriser l’amélioration continue
Participer à la coordination de certains projets produits

Profil recherché
Bac+5 et acheteur de métier, vous bénéficiez d’une expérience d'au moins5 ans en milieu industriel en achats directs production et électronique


Vous avez un sens fort du client et du service. Vous savez gérer en parallèle plusieurs tâches différentes.


Proactif, vous avez un bon sens de l’analyse


Vos capacités en négociation sont reconnues.


Autonome, vous appréciez le travail en équipe.


Vous maitrisez l’anglais.

Type de contrat
CONTRAT À DURÉE INDÉTERMINÉE

Horaires
Forfait jour

Localisation du poste
Site
Veurey-Voroize (à proximité de Grenoble)

Critères candidat
Niveau d'études
7-Master, diplôme d'ingénieur, diplôme d'école de commerce (BAC+5)

Niveau d'expérience min. requis
6-10 ans

Langues
Anglais (2- Niveau professionnel)",
88,QUEUED,Assistant-e en gestion financière et comptable,CNRS,Grenoble (38),Not stated,Indeed,2026-04-29,https://mail.google.com/mail/u/0/#all/19ddf23193f6e9ab,https://fr.indeed.com/viewjob?jk=M37ce4f4aa77446,Finance/accounting role at CNRS Délégation Alpes Grenoble (Green zone). CNRS 'Assistant' titles can range widely in seni,"Lieu
Trajet estimé
Job address
53 Avenue Des Martyrs, 38000 Grenoble
&nbsp;
Avantages
Extraits de la description complète du poste
RTT
&nbsp;
Description du poste
L'offre en un coup d'oeil
L'unité
Délégation Alpes

Type de Contrat
Mobilité Interne (NOEMI)

Temps de Travail
Complet

Lieu de Travail
38000 GRENOBLE



Date limite de candidature : mardi 2 juin 2026 17:00

Description du Poste
Les Missions

Le/la gestionnaire financier-e a pour mission, d'une part, d'apporter une assistance de proximité aux
Unités qui rencontrent des difficultés temporaires en matière de gestion financière, et, d'autre part,
d'assurer le suivi des missions des agents des convoqués par l'administration centrale ou par la
formation permanente.

L'Activité

1 Apporter une assistance de proximité, en matière de gestion administrative et financière, aux
Unités de recherche ou d'appui et de recherche
Procéder à l'engagement des commandes dans le respect des règles en vigueur (achats, financeurs)
Garantir le suivi du processus de service fait
Traiter les flux de gestion dématérialisés pour permettre le règlement des factures
Gérer les missions : procéder aux réservations de titres de transport et/ou d'hébergement, établir
les ordres de mission et contrôler les états de frais
Interagir avec les services « Finances, Achats et Comptabilité pour apporter les éléments de
réponse aux questions posées par les Unités en difficulté
Adapter les pratiques professionnelles à l'évolution de la réglementation et mettre à jour les
procédures applicables dans une logique de continuité du service

2 Assurer le suivi des missions des agents de la circonscription
Conseiller et accompagner les agents dans l'appropriation et la mise en application des procédures
liées aux missions
Gérer les missions dans le cadre du marché « ESR Mission » : procéder à la validation des demandes
de réservation de titres de transport et/ou d'hébergement ; établir les ordres de mission ; au
retour de mission, collecter et contrôler les pièces justificatives ; établir les états de frais
Etablir des bilans financiers et réaliser des points de situation
Mettre en œuvre un classement efficient et un archivage des pièces administratives et comptables

3 Gestion de l'ensemble des crédits de la Délégation Alpes en tant qu'unité
Traiter les demandes de dépenses de fonctionnement et d'équipement
Conseiller et accompagner les responsables des différents services dans la gestion de leurs
enveloppes budgétaires respectives

4 Participer au collectif du SAG
Participer activement au collectif du service « Affaires Générales »
Contribuer à la continuité de service et participer à des missions ponctuelles

Votre Profil
Compétences

Savoirs / connaissances
Connaître les règles fondamentales du code des marchés publics
Comprendre les textes réglementaires en vue de leur juste application
Savoir mettre en œuvre les règles financières et comptables édictées par le CNRS

Savoir-faire
Savoir gérer son activité dans le respect d'un calendrier et d'un cadre de gestion complexe
Maîtriser les outils bureautiques et les techniques de communication
Savoir rédiger des notes et des procédures
Maîtriser les techniques de contrôle interne

Savoirs-être
Avoir le sens de l'organisation ; savoir prioriser les actions ; savoir rendre compte auprès
de la hiérarchie
Disposer de qualités relationnelles et pédagogiques
Faire preuve de rigueur, d'autonomie et de capacité d'adaptation
Avoir le sens du travail en équipe
Savoir respecter la confidentialité des informations

Votre Environnement de Travail
Au sein de la circonscription Alpes (Isère, Savoie et Haute-Savoie), le CNRS est l'un des principaux
acteurs publics de la recherche scientifique, aux côtés des Établissements d'Enseignement Supérieur
et de Recherche (Universités, Écoles, etc.) et d'autres organismes nationaux (Inserm, Inria, etc.).
Il regroupe environ 2 300 agents, chercheurs, ingénieurs, techniciens et personnels administratifs.
La Délégation Régionale Alpes, située sur la Presqu'île de Grenoble, regroupe 8 services qui
accompagnent 70 Unités de recherche dans la bonne réalisation de leur mission de recherche
scientifique.

L'agent est affecté auprès du Service « Affaires Générales » nouvellement créé au sein de la
Délégation Régionale Alpes du CNRS et composé de 5 agents. Il/elle est placé-e sous la
responsabilité hiérarchique directe de la responsable de ce service.

Les activités pouvant être réalisées en télétravail seront à définir avec la responsable du service,
sous réserve de respecter la réglementation en vigueur au CNRS.

La personne recrutée pourra bénéficier de formations et d'un accompagnement pour parfaire ses
compétences.


Rémunération et avantages
Rémunération
Congés et RTT annuels
44 jours

Pratique et Indemnisation du TT
Pratique et indemnisation du TT

Transport
Prise en charge à 75% du coût et forfait mobilité durable jusqu’à 300€

À propos de l’offre
Référence de l’offre
MOY1100-MOBINT-Q96017

Secteur d’activité
Gestion et Pilotage

Emploi type
Assistant en gestion financiere et comptable (H/F)

Session
Hiver 2026

Groupe de Fonction
AIG2

À propos du CNRS
Le CNRS est un acteur majeur de la recherche fondamentale à une échelle mondiale. Le CNRS est le seul organisme français actif dans tous les domaines scientifiques. Sa position unique de multi-spécialiste lui permet d’associer les différentes disciplines pour affronter les défis les plus importants du monde contemporain, en lien avec les acteurs du changement.

Le CNRS
Les métiers de la recherche",
89,QUEUED,Comptable Général,MND,Sainte-Hélène-du-Lac (73),Not stated,Indeed,2026-04-29,https://mail.google.com/mail/u/0/#all/19ddf23193f6e9ab,https://fr.indeed.com/viewjob?jk=Q2f96dc2e2dfe13,"Comptable Général at MND (ropeway manufacturer, Sainte-Hélène-du-Lac, Yellow zone). SAP environment likely. Salary missi","Lieu
Trajet estimé
Job address
74 Voie Fernand de Magellan, 73800 Sainte-Hélène-du-Lac
&nbsp;
Description du poste
Temps plein-CDI

Début : 7/6/2026

74 voie Magellan

Parc d'activités Alpespace

73800

SAINTE HELENE DU LAC

Télétravail Partiel

Diplôme : Bac +3

Expérience : 5-7 ans

A propos de MND FRANCE
MND France est un groupe industriel français spécialiste de la mobilité par câble, des systèmes d'enneigement, de la sécurité en montagne et des infrastructures de loisirs à sensations.

MND regroupe 300 collaborateurs au total, intervient auprès de plus de 3000 clients présents dans 49 pays, et réalise près de 70% de son activité à l'international.

Poste et mission :
Dans le cadre du renforcement de son équipe Finance, MND recrute un(e) Comptable Général(e).

Vos missions
Rattaché(e) au Responsable Comptable Groupe, vous intervenez sur la gestion et le pilotage des flux financiers de MND SAS et MND America. À ce titre, vos principales responsabilités sont les suivantes :

Participer aux clôtures comptables mensuelles, trimestrielles, semestrielles et annuelles

Préparer le bilan, le compte de résultat, les annexes et le dossier justificatif de fin d'exercice

Assurer la saisie des opérations comptables (achats, ventes, banques)

Contribuer au suivi et aux relances clients

Participer à l'établissement des déclarations fiscales (TVA, IS, etc.)

Veiller au respect des obligations légales et réglementaires ainsi qu'aux délais de clôture

Appliquer les procédures comptables et fiscales Groupe

Profil recherché :
Formation Bac +2 à Bac +3 en comptabilité, gestion ou finance (BTS, DUT, DCG...)

5 à 7 ans d'expérience minimum sur un poste similaire en comptabilité générale

Anglais professionnel (niveau B1 minimum)

Bonne maîtrise d'Excel et d'un ERP (type SAP ou équivalent)

Rigueur, autonomie, sens de l'organisation et esprit d'équipe

Avantages :
Un environnement industriel stimulant au sein d'un groupe en pleine transformation

Une culture d'entreprise tournée vers l'excellence, la sécurité et l'innovation

",
100,QUEUED,Finance Manager Southern Europe,Xylem,Saint-Genis-Laval (69),Not stated,LinkedIn,2026-04-30,https://mail.google.com/mail/u/0/#all/19de3cfaba2e6f60,https://www.linkedin.com/jobs/view/4388164645/,Senior Finance Manager Southern Europe at Xylem (water technology). Saint-Genis-Laval = Lyon area (Red zone) but regiona,"About the job
Xylem is a Fortune 500 global water solutions company dedicated to advancing sustainable impact and empowering the people who make water work every day. As a leading water technology company with 23,000 employees operating in over 150 countries, Xylem is at the forefront of addressing the world's most critical water challenges. We invite passionate individuals to join our team, dedicated to exceeding customer expectations through innovative and sustainable solutions.

Rejoignez un acteur industriel international engagé dans la gestion durable des ressources

Avec plus de 130 ans d’histoire, Sensus International conçoit et commercialise des compteurs d’eau et de chaleur ainsi que des solutions intelligentes de gestion des données pour les utilities, coopératives et collectivités. Présente industriellement en Allemagne et en Slovaquie, Sensus accompagne ses clients à travers l’Europe grâce à des équipes commerciales locales, notamment en France, Espagne et Italie.

Dans un contexte de transformation et de pilotage financier renforcé, nous recrutons un Finance Manager Southern Europe H/F, véritable partenaire du business pour la région.

🎯 Votre rôle

Rattaché(e) à la fonction Finance, vous pilotez et coordonnez l’ensemble des activités comptables, financières et de reporting pour les entités France, Italie et Espagne, tout en animant les équipes locales.

Vous jouez un rôle clé dans la fiabilité des comptes, la conformité réglementaire et l’accompagnement des décisions business.

💼 Vos responsabilités principales

Clôture mensuelle & Reporting Groupe

Superviser la comptabilité générale, clients, fournisseurs et la reconnaissance du chiffre d’affaires
Préparer les écritures mensuelles complexes et garantir la fiabilité des états financiers
Piloter les clôtures mensuelles et le reporting Groupe (IFRS, headcount, commandes, mix produits…)
Réconcilier les marges entre SAP et les analyses de profitabilité (COPA)
Préparer les ajustements IFRS et les reportings consolidés

Reporting réglementaire & conformité

Superviser l’établissement des comptes statutaires
Être l’interlocuteur clé des auditeurs externes
Piloter les obligations fiscales et déclarations (TVA, impôts, reporting réglementaire)
Améliorer en continu les processus et contrôles financiers

Budget, forecast & analyse financière

Contribuer à l’élaboration des budgets et forecasts
Analyser les écarts et fournir des analyses financières à valeur ajoutée
Travailler étroitement avec les équipes commerciales et opérationnelles

Management & projets transverses

Manager et développer les équipes finance locales (France, Italie, Espagne)
Superviser les activités éventuellement externalisées
Participer au déploiement de nouveaux outils et applications finance
Contribuer à l’amélioration continue des processus et des contrôles internes

👤 Votre profil

Diplômé(e) en finance / comptabilité ou équivalent, avec au moins 3 ans d’expérience dans un rôle similaire
Solide expérience en environnement industriel ou international
Maîtrise des systèmes comptables, SAP est un atout
Approche hands‑on, structurée et orientée résultats
Excellentes compétences analytiques et maîtrise d’Excel
Leadership naturel, esprit d’équipe et aisance relationnelle
Capacité à évoluer dans un environnement exigeant et rythmé
Français et anglais courants, l’espagnol ou l’italien est un plus
Intégrité, sens des responsabilités et envie de progresser dans un groupe international

🚀 Pourquoi nous rejoindre ?

Un rôle clé à forte visibilité internationale
Un environnement industriel solide, en pleine évolution
Un poste alliant expertise financière, management et business partnering
De réelles opportunités de développement au sein du groupe Xylem

Join a global industrial leader committed to sustainable resource management

With over 130 years of heritage, Sensus International designs and manufactures water and heat meters as well as smart, data‑driven solutions for utilities, cooperatives and municipalities. With manufacturing sites in Germany and Slovakia and commercial teams across France, Spain and Italy, Sensus supports customers throughout Europe.

To strengthen our regional finance organization, we are looking for a Finance Manager Southern Europe to support business performance and ensure financial excellence.

🎯 Your role

Reporting into Finance, you will lead and coordinate all accounting, reporting and financial activities for France, Italy and Spain, acting as a trusted finance partner to the business and managing local teams.

💼 Key responsibilities

Month‑end close & Group reporting

Oversee general ledger, AR, AP and revenue recognition activities
Prepare complex monthly journal entries and ensure accurate financial statements
Manage month‑end close and Group reporting (IFRS, headcount, orders, product mix)
Reconcile margins between SAP financials and COPA reports
Prepare IFRS adjustments and reporting packages for Group Finance

Regulatory reporting & compliance

Manage statutory accounts and local reporting requirements
Act as the key contact for external auditors
Oversee tax filings and VAT returns
Continuously improve financial processes and internal controls

Budgeting, forecasting & analysis

Contribute to budget and forecast preparation
Analyze variances and provide actionable financial insights
Partner closely with Sales and Operations teams

Leadership & projects

Lead and develop local finance teams across Southern Europe
Oversee outsourced finance activities where applicable
Support the rollout of new finance tools and applications
Drive continuous improvement initiatives across finance processes

👤 Your profile

Qualified accountant or equivalent, with at least 3 years’ experience in a similar role
Background in an industrial and/or international environment
Strong knowledge of accounting systems; SAP experience is a plus
Hands‑on, structured and results‑driven mindset
Strong analytical skills and advanced Excel proficiency
Collaborative leader with excellent communication skills
Comfortable working in a fast‑paced, demanding environment
Fluent in English and French; Spanish or Italian is an advantage
High ethical standards, adaptability and a strong desire to grow within an international group

🚀 Why join us?

A high‑impact regional role with international exposure
A stable industrial environment undergoing transformation
A position combining financial expertise, leadership and business partnership
Career development opportunities within the Xylem Group

Join the global Xylem team to be a part of innovative technology solutions transforming water usage, conservation, and re-use. Our products impact public utilities, industrial sectors, residential areas, and commercial buildings, with a commitment to providing smart metering, network technologies, and advanced analytics for water, electric, and gas utilities. Partner with us in creating a world where water challenges are met with ingenuity and dedication; where we recognize the power of inclusion and belonging in driving innovation and allowing us to compete more effectively around the world.",
101,QUEUED,Gestionnaire financier.e,CEA,Grenoble (38),Not stated,LinkedIn,2026-04-30,https://mail.google.com/mail/u/0/#all/19de286ef9e39e2c,https://www.linkedin.com/jobs/view/4397228274/,"Finance officer at CEA (nuclear/energy research institution, Grenoble, Green zone). Stable public-sector employer. Salar","About the job
« Rejoignez le CEA pour donner du sens à votre activité, mener et soutenir des projets de R&D nationaux et internationaux, cultiver et faire vivre votre esprit de curiosité. » 

 EN SYNTHESE, QU’EST-CE QUE NOUS VOUS PROPOSONS ? 

Le Commissariat à l'Énergie Atomique et aux Énergies Alternatives (CEA) recherche un(e) Contrôleur(euse) Financier(e).

Vous souhaitez mettre votre expertise financière au service de projets innovants ?

Ce poste de cadre en CDD peut être basé sur le site Nano-Innov de Paris-Saclay, Essonne (91), ou sur le site de Grenoble (38).

Il s'agit d'un contrat d'une durée de 18 mois, à pourvoir dès que possible.

 QU’ATTENDONS-NOUS DE VOUS ? 

Au sein de l'équipe UAF, vous assurerez le poste de gestionnaire financier(e) des contrats de vente sur un portefeuille de projets institutionnels en lien avec les acteurs des départements de l’Institut.

Vos missions consisteront à :

 Vérifier en amont les fiches financières des appels à projet 
 Gérer les contrats de ventes à financement industriel et institutionnel (ANR, BPI, Europe…) et justifier ces contrats (imputation main d’œuvre, achats…) en relation avec les chefs de projet 
 Diriger le plan de charges liées à la main d’œuvre des projets dont vous avez la charge 
 Suivre les contrats de ventes à partir de leur signature jusqu’à leur clôture financière 
 Elaborer les relevés de dépenses des contrats de ventes, assurer leur facturation 
 Préparer et suivre les audits associés 
 Contribuer aux opérations d’arrêté des comptes 
 Participer aux réunions avec les différents interlocuteurs techniques ou financiers dans les départements et au sein de l’UAF 


#CEA-List

 Profil du candidat

 COMPÉTENCES REQUISES : 

 Vous êtes titulaire d'un Bac+5 en comptabilité / finance, et disposez de 5 années d'expérience dans ces domaines. 
 Vous maîtrisez parfaitement l'environnement SAP ainsi que les fonctionnalités avancées du Pack Office, en particulier Excel. 
 Vous disposez d'une bonne capacité de compréhension et d'expression écrite en anglais. 
 Vous faites preuve de rigueur, d'organisation et d'autonomie. 
 Vous possédez une grande aisance relationnelle et un sens du service développé, vous permettant d'accompagner sereinement les équipes scientifiques. 
 Vous démontrez une forte capacité d'adaptation, notamment pour évoluer avec agilité dans un contexte de refonte de système d'information et de déploiement de nouveaux outils. 


 VOUS AVEZ ENCORE UN DOUTE ? 

Les à-côtés de votre mission principale peuvent vous intéresser :

 Un écosystème de recherche à la pointe, unique en son genre et dédié à des thématiques à fort enjeu sociétal, qui donne du sens à votre mission 
 Des formations pour renforcer vos compétences, en acquérir de nouvelles et booster votre mission 
 Un équilibre vie privée / vie professionnelle reconnu par nos collaborateurs 
 La possibilité de télétravailler pour équilibrer les temps de transport et contribuer à votre qualité de vie 
 Un CE riche en avantages et en activités sociales, culturelles et sportives 
 Un lieu de travail au cœur d’un plateau dynamique, entouré d’écoles et d’entreprises de la tech 
 Un restaurant d’entreprise subventionné à proximité 
 Un plan d’épargne entreprise avec abondement employeur 
 Des frais de transports en commun couverts à 75% 


 Cela vous tente ? Postulez, ce poste est fait pour vous ! 

 Conformément aux engagements pris par le CEA en faveur de l'intégration des personnes handicapées, cet emploi est ouvert à toutes et à tous. Le CEA propose des aménagements et/ou des possibilités d'organisation pour l'inclusion des travailleurs handicapés. 

Localisation du poste  Site 

Grenoble

 Localisation du poste
France, Auvergne-Rhône-Alpes, Isère (38)

 Ville 

Grenoble

Demandeur  Disponibilité du poste 

04/05/2026",
90,QUEUED,Responsable du contrôle des coûts,PIMAN Group,Grenoble (38),Not stated,LinkedIn,2026-04-29,https://mail.google.com/mail/u/0/#all/19dddcd988c01439,https://www.linkedin.com/jobs/view/4406963130/,"Cost control role at PIMAN Group, Grenoble (Green zone). Company details and salary unknown.","About the job
Contexte de la mission : Intégré(e) à la Direction Financière d'une business unit spécialisée dans l'énergétique, vous intervenez dans un environnement international en soutien aux équipes projet France et internationales, ainsi qu'auprès des différentes entités juridiques impliquées dans les projets.



Vos activités principales :

Pilotage financier des projets : suivi des coûts, des heures et des équipements
Monitoring de la performance : P&L, chiffre d'affaires, marges et Cash Flow
Participation active aux clôtures financières, aux exercices budgétaires, aux reforecasts trimestriels et aux revues de projet
Contrôle des coûts avec une forte orientation data et Business Intelligence
Analyse des risques projet et veille au respect des enveloppes budgétaires
Contribution à l'évolution et à l'amélioration des outils de pilotage (ERP et outils BI)
Production de reportings opérationnels à forte valeur anticipative, avec mise en lumière des écarts
Interface régulière avec les équipes opérationnelles (Project Managers, logistique, planning, achats) et financières (comptabilité, facturation, contrôleurs d'entités, FP&A)


Compétences requises :

A minima 5 ans d'expérience sur une fonction similaire dans un environnement industriel
Anglais courant indispensable
Maîtrise d'un ERP (type SAP) et très bonne connaissance de Power BI et/ou tableau
Rigueur, sens de la structure, capacité à challenger les équipes


Livrables attendus :

Clôtures mensuelles, suivi de la performance (P&L, KPIs Cash)
Rapports de gestion, forecasts P&L, explications des résultats mensuels
Préparation et animation des revues de projet
Revue des risques et coordination des plans d'actions pour l'atteinte des objectifs financiers
Suivi du plan projet et des jalons clés
Forecasts trimestriels et contribution à l'atteinte des objectifs associés






Qui sommes-nous ?



PIMAN Consultants est l'entité de conseil, spécialiste en gestion de projets industriels et projets d'investissements (CAPEX) de PIMAN Group. Depuis 2009, nous accompagnons nos 200 clients de grands groupes industriels et PME, en France et à l'international, tant sur des enjeux opérationnels que stratégiques et sur les secteurs d'activité suivants : Energie et Oil&Gas, défense, infrastructures, télécom, agroalimentaire, et bien d'autres encore.



Ce que nous avons à vous proposer :



- Être au coeur des plus grands projets d'envergure nationale et internationale, tout en respectant votre mobilité géographique

- Un programme de formation interne dispensée chaque année

- Une évolution régulière (mission, responsabilité, projets internes, Practice Manager, etc.)

- Un accompagnement individuel par le Mentoring

- Un pôle Expérience Collaborateurs à votre écoute au quotidien

- Une vie d'entreprise riche en événements collectifs (sportifs, séminaires, afterworks...)",
108,QUEUED,Responsable Financier Associé(e),Everywhere App,France,,LinkedIn,2026-05-02,https://mail.google.com/mail/u/0/#all/19decd3e634e6513,https://www.linkedin.com/jobs/view/4407263636/,"Remote, Responsable Financier Associé(e) at Everywhere App (startup) — equity/partner role, scope and compensation unkno",post closed,D
107,QUEUED,Contrôleur de gestion H/F,L'Usine Nouvelle,Vinay,,LinkedIn,2026-05-02,https://mail.google.com/mail/u/0/#all/19decd3e634e6513,https://www.linkedin.com/jobs/view/4407278169/,"Vinay (38, ~40km from Grenoble), CDG H/F via L'Usine Nouvelle job board, company not disclosed — need employer, salary, ","About the job
Notre client est une PME industrielle à taille humaine, reconnue pour son savoir‑faire et engagée dans une dynamique de développement.

Il recherche son futur contrôleur de gestion, avec une dimension terrain forte et qui contribuera concrètement à la performance de l'entreprise. Le poste est basé à Vinay en Isère.

Rattaché(e) au Directeur Administratif et Financier, vous êtes un acteur clé du pilotage économique et financier, au service des équipes opérationnelles et de la direction.

Vos Principales Missions Sont

Construire et piloter les tableaux de bord financiers et opérationnels (coûts, marges, rentabilité, production).
Élaborer les budgets et le plan à moyen terme, en collaboration avec les différents services.
Analyser les écarts réel / budget / forecast et proposer des actions correctives.
Réaliser les analyses de coûts de revient et de rentabilité (produits, projets, affaires).
Produire des reportings financiers et extra‑financiers.
Mener des analyses ponctuelles pour éclairer la prise de décision.
Accompagner de façon opérationnelle 1 contrôleur de gestion.

Environnement à taille humaine.

Management participatif et collaboratif.

Ambiance conviviale.

,

Formation Bac+5 en contrôle de gestion ou finance.

Minimum 5 ans d'expérience en contrôle de gestion industriel.

Très bonne maîtrise d'Excel et d'un ERP.

Rigueur, autonomie, esprit d'analyse, sens du collectif et aisance dans la communication, agilité sont les atouts pour réussir sur cette fonction.

Une première expérience managériale est un atout.

,

Michael Page recrute pour les entreprises des cadres confirmés, en CDD et CDI, grâce à l'expertise de 150 consultants répartis au sein de 17 divisions.",
91,QUEUED,Responsable comptable H/F,France Travail,Tullins (38),Not stated,LinkedIn,2026-04-29,https://mail.google.com/mail/u/0/#all/19dddcd988c01439,https://www.linkedin.com/jobs/view/4407840323/,"Responsable comptable posted via France Travail for undisclosed employer, Tullins (38) Yellow zone. Actual employer and ","About the job
La Ville de Fontaine recherche pour son équipement culturel - La Source (Projet culturel, pédagogique et artistique à dominante musicale dans un équipement intégrant l'école de Musique, 3 salles de spectacles, des studios de répétition.) un poste de Responsable administratif et financier dans le cadre d'un remplacement de congé maternité.

MISSIONS

Votre Mission Principale Consistera à Assurer La Cohérence, L'efficacité Et La Conformité Des Opérations Financières Et Administratives. Vous Serez Donc Amené à

 Réaliser la gestion administrative générale du service :
 Planification, coordination et organisation des activités du service
 Conception et suivi de dossiers administratifs
 Proposition de procédures et outils pour optimiser l'efficacité opérationnelle
 Réaliser la gestion administrative des projets artistiques et programmation :
 Élaboration et suivi des contrats et conventions de partenariat artistique
 Collecte et contrôle de conformité des éléments administratifs
 Gestion sociale des intermittents (GUSO) et des droits d'auteurs
 Relations et échanges avec les productions pour la mise en œuvre des concerts
 Gestion réglementaire :
 Rédaction de contrats, d'actes administratifs réglementaires et individuels
 Veille juridique (spectacle vivant et collectivités)
 Élaboration et suivi des mises en concurrence (marchés publics, conventions d'occupation)
 Gestion financière et contrôle de gestion :
 Organisation comptable
 Conception et suivi budgétaire
 Fiscalité, facturation et suivi de la paie des intermittents
 Élaboration des tarifs et suivi du plan pluriannuel d'investissement
 Suivi analytique des activités et élaboration de documents financiers annuels
 Collaboration avec les services et partenaires autour des enjeux financiers

Concernant La Billetterie

 Gestion de la régie comptable de recettes (billetterie) et de dépenses.
 Organisation et suivi des commandes
 Responsabilité de la billetterie dans son organisation et de l'équipe d'accueil : 1 agent à encadrer et une équipe de 4 vacataires occasionnels. (notamment les soirs)

Recherche Et Suivi Des Financements

 De l'élaboration des dossiers de demandes aux bilans et au versement des soldes.
 Bilans statistiques sur l'activité de la salle et du service.

PROFIL ET COMPÉTENCES

 Diplôme de Bac +3 à Bac 5 en gestion de projets culturels ou administration
 Maîtrise des règles administratives, juridiques et financière du spectacle vivant et de la FPT
 Connaissance et gestion de projets artistiques fortement appréciés
 Gestion de régie et de billetterie
 Gestion sociale des contrats d'artistes et techniciens
 Organisation, rigueur et gestion des priorités
 Autonomie et prise d'initiative attendues
 Adaptabilité et curiosité appréciées

CONDITIONS DE RECRUTEMENT

 Poste en remplacement sur le grade d'Attaché (A) ou de Rédacteur (B)
 Rémunération statutaire : traitement indiciaire, régime indemnitaire et prime annuelle.
 Prise en charge possible d'une mutuelle et/ou prévoyance labellisée + COS38 + COSACAF+ prise en charge des abonnements de transports en commun à hauteur de 75%, abonnement vélo à 100%, participation au RIE.
 Temps de travail complet, 35h annualisé. Présence les soirs de concerts impérative.
 Fermeture de la structure de mi-juillet à mi-août 2026

LES CANDIDATURES SANS LETTRE DE MOTIVATION NE SERONT PAS ETUDIEES",
147,QUEUED,Crédit manager,Actual Talent,Meylan (38),,LinkedIn,2026-05-04,https://mail.google.com/mail/u/0/#all/19dfc45c94405ad7,https://www.linkedin.com/jobs/view/4408184699/,"Crédit Manager posted by Actual Talent (recruiting agency), Meylan (38, Green zone). Actual employer and salary unknown.","About the job
Actual Talent est le spécialiste européen en Acquisition et Évaluation de talents d'Actual group, 5e acteur de l’emploi et du travail en France.

Depuis plus de 20 ans et au travers de nos 22 bureaux, nos consultants experts par métiers (Commerciaux, Ingénierie, IT/Digital, Support) accompagnent entreprises et candidats avec des modalités contractuelles sur mesure : CDI, CDD, Intérim, Freelance, Management de transition, Prestation de services, Alternance et stages.



Notre équipe d'experts spécialisés sur les fonctions comptables, recrute pour son client, un Credit Manager H/F en CDI, basé à Meylan (38). 



Qui sont-ils ?

Depuis plus de 100 ans, notre client conçoit des équipements et services pour l’application industrielle de revêtements, auprès de secteurs variés : automobile, énergie, transport… Reconnue pour son innovation, sa culture humaine et ses engagements RSE, l’entreprise est en pleine transformation digitale.



Rattaché(e) au DAF, vous jouerez un rôle clé dans la sécurisation du chiffre d’affaires et le pilotage de la trésorerie du groupe et de ses 15 filiales internationales.

Vous rejoignez une équipe Finance collaborative, avec des interactions régulières avec les services comptables, commerciaux et juridiques. L’environnement est international, multisite, en pleine modernisation (ERP IFS, Power BI…).

Vos missions :

Piloter le crédit client : analyser la solvabilité, définir les limites d’encours, sécuriser le risque avec l’assureur crédit Atradius.
Structurer les processus : cartographier les pratiques, harmoniser les méthodes, proposer des axes d’amélioration.
Optimiser le recouvrement : animer les relances via MyDSO, réduire le DSO, gérer les litiges, sensibiliser les équipes à la culture cash.
Assurer les prévisions de trésorerie : construire les prévisionnels pour la France et les filiales, suivre les flux intercos et gérer la trésorerie groupe.
Accompagner les filiales : former, conseiller et monter en compétence les interlocuteurs locaux sur la gestion du crédit et du recouvrement.
Contribuer aux projets digitaux : participer activement au déploiement de l’ERP IFS, à l’automatisation du recouvrement et à l’analyse cash via Power BI.
Suivre l’administratif contractuel : rédiger ou mettre à jour les clauses financières des contrats et conditions générales de vente.


Ce poste est fait pour vous si vous êtes…

Expérimenté(e) : au moins 5 ans d’expérience dans des fonctions similaires, avec une forte exposition à la gestion du risque client, à la trésorerie groupe et au recouvrement.
À l’aise dans un environnement industriel et international, avec une bonne compréhension des problématiques intercos.
Expert en Excel, connaissez les ERP (type IFS) et avez déjà utilisé des outils de BI (idéalement Power BI).
Votre anglais est intermédiaire (B2 minimum), et vous êtes à l'aise à l'écrit comme à l'oral.


Les points forts du projet :

Envergure internationale : pilotage du risque client et des prévisions d'encaissement pour la France et 15 filiales à l'étranger.
Rôle de ""Business Partner"" : collaboration étroite avec les services commerciaux, ADV et juridiques pour diffuser une véritable culture cash.
Transformation digitale : participation active au déploiement du nouvel ERP (IFS) et à l'optimisation des outils (MyDSO, Power BI, IA).
Entreprise engagée : intégration au sein d'une structure centenaire, leader dans son domaine, labellisée Ecovadis Silver et tournée vers l'innovation.
 

Prêt(e) à rejoindre l’aventure ?

Vous vous reconnaissez dans l’esprit du poste ? Postulez dès maintenant !

Ce poste est ouvert aux personnes en situation de handicap. 

Engagés pour la diversité et l'égalité des chances avec nos partenaires, nous étudions chaque candidature sans distinction : si ce projet vous inspire, ne laissez pas l'autocensure freiner votre potentiel, osez postuler !",
92,QUEUED,CONTRÔLEUR DE GESTION INDUSTRIEL H/F,Maison de l'Emploi Voironnais,Voiron (38),Not stated,LinkedIn,2026-04-29,https://mail.google.com/mail/u/0/#all/19dddcd988c01439,https://www.linkedin.com/jobs/view/4408261848/,CDG Industriel in Voiron (Yellow zone) posted via employment office — actual employer unknown. Excellent role type. High,"About the job
Description

Rattaché à la Direction Financière, vous intervenez au cœur des activités industrielles , en France et à l’international.

Vous contribuez à la fiabilité des données économiques et au pilotage de la performance industrielle.

À ce titre, vous accompagnez les équipes opérationnelles et veillez à l’harmonisation des pratiques de contrôle de gestion entre les sites.

Activités Principales

Analyser en détail les coûts de production afin de comprendre et décomposer le prix de revient des produits ;
Étudier les processus industriels pour identifier les leviers d’optimisation et améliorer la performance globale des sites;
Concevoir et déployer des indicateurs de pilotage pertinents;
Sélectionner les données utiles à la prise de décision ;
Construire des tableaux de bord clairs et directement exploitables par la Direction ;
Accompagner les responsables industriels dans l’analyse des marges et des performances économiques ;
Mettre en évidence les écarts et analyser les variations ;
Proposer des actions correctives visant à améliorer la rentabilité ;
Réaliser des analyses sur les stocks et les encours de production ;
Suivre le besoin en fonds de roulement en lien avec l’activité industrielle ;
Évaluer les investissements industriels et contribuer à l’aide à la décision stratégique ;
Collaborer avec les équipes locales dans un environnement multi-sites et international ;
Participer à l’harmonisation des pratiques de contrôle de gestion entre les sites ;
Assurer une présence terrain régulière, au plus près des ateliers, pour comprendre les réalités opérationnelles ;
Apporter des analyses concrètes, directement utiles aux équipes.

Compétences attendues :

Maîtrise avancée d’Excel ;
Bonne connaissance des ERP industriels ;
Utilisation d’outils de reporting et de data visualisation (type Power BI) ;
Solides compétences en contrôle de gestion industriel (coûts, marges, BFR, budget) ;
Capacité à analyser, structurer et exploiter des données complexes ;
Capacité à évoluer en environnement multi-sites et à garantir la cohérence des pratiques ;
Aisance relationnelle et proximité avec les équipes opérationnelles et la Direction ;

Profil :

Formation Bac+5 en contrôle de gestion ou finance.
Expérience d'au moins 8 ans en environnement industriel, idéalement multi-sites.
Profil opérationnel autonome, orienté terrain.
Capacité à comprendre les enjeux industriels et à accompagner la prise de décision.
Anglais professionnel requis et/ou Allemand indispensable.

Rémunération : Fourchette salaire 55 à 70K€/an.

Type de contrat : CDI temps plein.",
149,QUEUED,Finance & Supply Chain Manager,Lyonbiopôle Auvergne-Rhône-Alpes,Haute-Savoie (74),,LinkedIn,2026-05-04,https://mail.google.com/mail/u/0/#all/19dfd8f69496c1fd,https://www.linkedin.com/jobs/view/4408387623/,"Finance & SC Manager at Lyonbiopôle AuRA (life sciences cluster), Haute-Savoie (74, Orange zone). Salary and hybrid miss","About the job
Le poste

Finance & Supply Chain Manager

Dans un contexte de structuration et de fort développement, nous recherchons un(e) Responsable Administratif et Financier & Supply Chain. Rattaché(e) à la Direction du site Jubilant Biosys France, à Saint-Julien-en-Genevois (74), et en lien étroit avec le DAF Groupe à l’international, vous jouerez un rôle clé dans la mise en place des processus supports de l’entreprise.

In the context of structuring and strong development, we are looking for an Administrative & Financial Manager with Supply Chain responsibilities. Reporting to the Site Director of Jubilant Biosys France, in Saint-Julien-en-Genevois (74) and functionally to the Group CFO (international), you will play a key role in setting up support processes.

Voir l'annonce sur le site de l'entreprise

Détail du postePostuler

L'entreprise

Jubilant Biosys France SAS

In March 2025, Jubilant Biosys Ltd, “Your CRDMO partner in science”, strengthened its European footprint through the strategic acquisition of an R&D Center of Excellence for Biologics in Saint-Julien-en-Genevois, France. This site has a rich legacy of advancing next-generation therapeutic biomolecules, with a strong focus on Biologics, including monoclonal antibodies (mAbs) and Antibody-Drug Conjugates (ADCs), and has successfully delivered multiple clinical candidates over the years. By integrating the deep scientific expertise of Jubilant Biosys France with the capabilities of our 1,200 scientists in India, we now offer a fully integrated portfolio spanning early-stage chemistry and biology research, DMPK, and end-to-end drug discovery. Our services extend through CDMO and API development, enabling seamless progression from concept to clinic. Our goal is to accelerate innovation and deliver cutting-edge solutions that address the complex challenges of modern drug development—ultimately improving patient outcomes worldwide.

Fiche complèteSite internet",
93,QUEUED,Gestionnaire finances H/F,France Travail,Saint-Égrève (38),Not stated,LinkedIn,2026-04-29,https://mail.google.com/mail/u/0/#all/19ddd60f711edc64,https://www.linkedin.com/jobs/view/4408510459/,Finance officer role in Saint-Égrève (Green zone) posted via France Travail. Actual employer and salary missing.,link broken,D
146,QUEUED,Europe Nx Category Leader,Schneider Electric,Eybens (38),,LinkedIn,2026-05-04,https://mail.google.com/mail/u/0/#all/19dfcb3a9d1b5c0e,https://www.linkedin.com/jobs/view/4408698268/,"Senior procurement category leadership at Schneider Electric (notable employer), Eybens (Green zone). Salary missing. En","About the job
Your Mission

Join our dynamic Procurement – Global Supply Chain organization and play a key role in strengthening our Nx category performance across Europe. As Nx Category (Brand Labeling) Europe Leader, you will drive value through strategic sourcing, supplier optimization and strong collaboration within the European Nx community. This is a high-impact role offering both strategic influence and broad stakeholder exposure.

What You Will Do

Lead procurement performance across Europe for Nx categories
Animate and coordinate the Nx community in Europe, ensuring alignment on strategy, roadmap, and productivity plans through structured governance and animation systems
Participate in and support negotiations together with Nx buyers to secure best-in-class cost competitiveness
Drive supplier base optimization for Nx categories in Europe in close collaboration with the Nx community
Support and contribute to key Nx procurement initiatives within GSC Europe

What Will Make You Successful

Proven experience in procurement and strategic sourcing, ideally in an international environment
Strong negotiation skills with a demonstrated ability to drive value through supplier relationships
Experience in direct procurement categories, especially within:
Electrical & Electronics (EE)
Contract Manufacturing
Brand Labeling
Excellent analytical and problem-solving capabilities
Strong communication skills and the ability to manage senior and cross-functional stakeholders
Master’s degree preferred, ideally in Engineering, Procurement Management, Supply Chain, or a related field
Ability to thrive in a matrix and multicultural organization

What’s In It For You

A strategic role with real impact on Nx categories and Brand Labeling at European level
Opportunity to build a strong network across Procurement, GSC Europe, and Business Operations
Exposure to cross-functional and international teams
Clear career development opportunities within Procurement and Supply Chain
The chance to drive innovation and continuous improvement in procurement processes and strategies

Our Benefits

Yearly bonus 
Medicover White Spring medical package 
Life & accident insurance 
Cafeteria allowance 
Home Office allowances 
Hybrid and flexible working model 
Voluntary health & pension fund contribution 
Global Family Leave Package to support work-life balance 
WESOP (World Employee Share Ownership Plan), our unique program with the opportunity to become a shareholder in the company 
Working at the company that ranked #1 in TIME World's Most Sustainable Companies in 2025

Looking to make an IMPACT with your career?

When you are thinking about joining a new team, culture matters. At Schneider Electric, our values and behaviors are the foundation for creating a great culture to support business success. We believe that our IMPACT values – Inclusion, Mastery, Purpose, Action, Curiosity, Teamwork – starts with us.

IMPACT is also your invitation to join Schneider Electric where you can contribute to turning sustainability ambition into actions, no matter what role you play. It is a call to connect your career with the ambition of achieving a more resilient, efficient, and sustainable world.

We are looking for IMPACT Makers; exceptional people who turn sustainability ambitions into actions at the intersection of automation, electrification, and digitization. We celebrate IMPACT Makers and believe everyone has the potential to be one.

Become an IMPACT Maker with Schneider Electric – apply today!

€40 billion global revenue

+9% organic growth

150 000+ employees in 100+ countries

You must submit an online application to be considered for any position with us. This position will be posted until filled.

Schneider Electric aspires to be the most inclusive and caring company in the world, by providing equitable opportunities to everyone, everywhere, and ensuring all employees feel uniquely valued and safe to contribute their best. We mirror the diversity of the communities in which we operate, and ‘inclusion’ is one of our core values. We believe our differences make us stronger as a company and as individuals and we are committed to championing inclusivity in everything we do. 

At Schneider Electric, we uphold the highest standards of ethics and compliance, and we believe that trust is a foundational value. Our Trust Charter is our Code of Conduct and demonstrates our commitment to ethics, safety, sustainability, quality and cybersecurity, underpinning every aspect of our business and our willingness to behave and respond respectfully and in good faith to all our stakeholders. You can find out more about our Trust Charter here

Schneider Electric is an Equal Opportunity Employer. It is our policy to provide equal employment and advancement opportunities in the areas of recruiting, hiring, training, transferring, and promoting all qualified individuals regardless of race, religion, color, gender, disability, national origin, ancestry, age, military status, sexual orientation, marital status, or any other legally protected characteristic or conduct.",
155,QUEUED,Responsable Administratif et Financier H/F,RAVANAT CHAUDRONNERIE,Saint-Jean-de-Moirans (38),,LinkedIn,2026-05-05,https://mail.google.com/mail/u/0/#all/19e016c2c9a94380,https://www.linkedin.com/jobs/view/4408825341/,"RAF at RAVANAT CHAUDRONNERIE (industrial boilermaking), Saint-Jean-de-Moirans (Yellow zone). Salary missing.","People you can reach out to
Meet the hiring team


Nicolas Thomassin 

• 3rd

Expert Sourcing chez VINCI Energies | recrutement, détection de talents, marque employeur

Job poster

Message
About the job
Pour VINCI Energies, l'amélioration de la performance est au cœur de tous nos projets : optimiser la productivité, améliorer l'organisation et les coûts de la maintenance, augmenter la disponibilité et la durée de vie des installations, réduire la consommation énergétique...

""VINCI Energies France Centre Est Méditerranée"" recherche pour l'une de ses entreprises située sur Saint Jean de Moirans :



Un Responsable Administratif et Financier (F/H)



Véritable bras droit de la Direction, vous intervenez sur des missions variées pour accompagner les opérationnels dans la bonne gestion contractuelle et financière de leurs projets.

Vous êtes garant de la cohérence et de la fiabilité des informations comptables, analytiques et financières que vous remonterez à la Direction Générale.



Manager direct de l’équipe administrative et comptable, vous participez et assurez la bonne réalisation des missions suivantes :



Garant de la bonne tenue de la comptabilité générale jusqu'à l'établissement des documents d’arrêté de comptes annuels et de la liasse fiscale
Supervision de la paie
Reporting mensuels groupe (analytique, financiers, RH, sécurité)
Etablissement des liasses de consolidation Groupe
Analyse et contrôle des résultats de gestion
Etablissement et suivi des budgets
Amélioration des process de l’entreprise en cohérence avec les règles de contrôles internes du groupe.
Interface pour les relations avec les CAC


Profil recherché :



Vous êtes diplômé d'une formation supérieure en Comptabilité, Gestion et Management (bac+4 / bac+5).
Vous possédez une expérience d'au moins 5 ans sur une fonction similaire
La connaissance de SAP serait un plus
Rémunération selon profil


En rejoignant notre structure, vous découvrirez une organisation décentralisée proche des enjeux locaux et collaborant en réseaux avec l'ensemble des entités du Groupe.

Vous découvrirez également une culture d'entrepreneur, d'autonomie, de confiance et de solidarité.",
148,QUEUED,Contrôleur de gestion/Contrôleuse de gestion,Korus Group,La Murette (38),,LinkedIn,2026-05-04,https://mail.google.com/mail/u/0/#all/19dfc45c94405ad7,https://www.linkedin.com/jobs/view/4408999240/,"CDG at Korus Group (industrial manufacturing), La Murette (38, Green zone). Salary missing.","People you can reach out to

Company alumni from Schneider Electric

Show all
About the job
Dans le cadre d’un remplacement pour congé maternité, nous recherchons un(e) Contrôleur(se) de gestion pour accompagner le pilotage économique et contribuer à la production du reporting mensuel groupe. 



Vos principales missions :

Participer au suivi des atterrissages 
Produire les tableaux de bord mensuels et suivre les chantiers à l’avancement (CA et marge).
Veiller à la fiabilité des données analytiques et des mutualisations de ressources entre entités du groupe.
Participer activement aux clôtures mensuelles, trimestrielles et annuelles des entités France et International avec les équipes comptables.
Accompagner les Directions Régionales dans leur gestion et assurer le contrôle sur le terrain (commandes, DGD/ALR, TS, bons de commandes…).




Profil

Diplômé(e) d’un Bac. + 4/5 en finance/gestion des entreprises, type DSCG ou école de commerce, vous disposez d’une expérience de contrôleur de gestion d’au moins 5 ans dans des environnements complexes, type multi-sociétés, avec une dimension internationale. 



A l’aise avec les outils informatique, vous avec une appétence pour les différents outils de digitalisation et les workflows (SharePoint, ERP…) avec une bonne maîtrise d’Excel et de Power BI. Une connaissance de Dynamics 365 serait un plus.

Curieux, vous disposez d’une agilité d’esprit pour comprendre la complexité de l’organisation, et êtes ouvert au changement.

Investi(e) et rigoureux, la notion d’équipe est importante pour vous.

La maîtrise de l’Anglais opérationnel est nécessaire pour assurer les échanges avec les cabinets d’expertises locaux internationaux. 



Tous nos postes à pourvoir sont ouverts aux personnes en situation de handicap.



Dispositions contractuelles : 

CDD du 1er juin 2026 au 28 février 2027

Statut cadre, forfait annuel en jours + RTT

Convention collective Syntec

Parcours d’intégration 

Accompagnement des collaborateurs (entretien annuel, entretien professionnel, formation)

Politique de cooptation

Réseau de crèche d’entreprise


Requirements added by the job poster

• 5+ years of work experience with Management Control",
140,QUEUED,Responsable Administratif et Financier (H/F),Not disclosed (France Travail posting),Saint-Appolinard (38),,LinkedIn,2026-05-04,https://mail.google.com/mail/u/0/#all/19df78d4e38ced40,https://www.linkedin.com/jobs/view/4410020975/,"RAF posted via France Travail (employer not disclosed), Saint-Appolinard (Isère, near Saint-Marcellin — Yellow zone). Sa","People you can reach out to

Company alumni from Schneider Electric

Show all
About the job
Cadre de la mission : l'association Aplomb a deux activités, un centre de formation professionnelle bâtiment et une plateforme de réemploi Ecomat38 (déconstruction sélective et vente aux particuliers et aux professionnels)

Consigner et rassembler les données financières de l'association pour élaborer, à partir d'une comptabilité analytique, les documents budgétaires, les tableaux de gestion, la préparation des bilans (balances, comptes de résultat, bilans dont BPF, budgets prévisionnels...). Vérifier l'exactitude des écritures comptables et en rendre compte auprès des responsables de la structure. Superviser la gestion RH des contrats, la production des payes et déclaration sociales.

Activités Principales

Vérifier et saisir les informations comptables avec une comptabilité analytique Effectuer les règlements et les états de rapprochement bancaire

Assurer le suivi et les projections de la trésorerie au quotidien Contrôler les comptes Participer à l'élaboration des budgets

Tenir des tableaux de gestion pour exercer un contrôle de gestion sur nos activités

Superviser la gestion administrative des ressources humaines

Superviser les payes et les Déclarations Sociales Nominatives avec notre cabinet comptable

Préparation des bilans pour le cabinet comptable et la CAC

Assurer le cadre administratif de la gouvernance et du fonctionnement de l'association

Moyens

logiciels EBP Compta, Scform, suite microsoft, google suite",
138,QUEUED,Trésorier (H/F),Not disclosed (France Travail posting),Grenoble (38),,LinkedIn,2026-05-04,https://mail.google.com/mail/u/0/#all/19df71f82f6a277d,https://www.linkedin.com/jobs/view/4410037103/,"Treasurer role posted via France Travail (actual employer not disclosed). Grenoble, Green zone. Salary and company missi",link broken,D
139,QUEUED,Responsable administratif et financier (H/F),Not disclosed (France Travail posting),Fontaine (38),,LinkedIn,2026-05-04,https://mail.google.com/mail/u/0/#all/19df78d4e38ced40,https://www.linkedin.com/jobs/view/4410082606/,"RAF posted via France Travail (employer not disclosed), Fontaine (Green zone). Salary and company missing.","People you can reach out to

Company alumni from Schneider Electric

Show all
About the job
La Ville de Fontaine recherche pour son équipement culturel - La Source (Projet culturel, pédagogique et artistique à dominante musicale dans un équipement intégrant l'école de Musique, 3 salles de spectacles, des studios de répétition.) un poste de Responsable administratif et financier dans le cadre d'un remplacement de congé maternité.

MISSIONS

Votre Mission Principale Consistera à Assurer La Cohérence, L'efficacité Et La Conformité Des Opérations Financières Et Administratives. Vous Serez Donc Amené à

 Réaliser la gestion administrative générale du service :
 Planification, coordination et organisation des activités du service
 Conception et suivi de dossiers administratifs
 Proposition de procédures et outils pour optimiser l'efficacité opérationnelle
 Réaliser la gestion administrative des projets artistiques et programmation :
 Élaboration et suivi des contrats et conventions de partenariat artistique
 Collecte et contrôle de conformité des éléments administratifs
 Gestion sociale des intermittents (GUSO) et des droits d'auteurs
 Relations et échanges avec les productions pour la mise en œuvre des concerts
 Gestion réglementaire :
 Rédaction de contrats, d'actes administratifs réglementaires et individuels
 Veille juridique (spectacle vivant et collectivités)
 Élaboration et suivi des mises en concurrence (marchés publics, conventions d'occupation)
 Gestion financière et contrôle de gestion :
 Organisation comptable
 Conception et suivi budgétaire
 Fiscalité, facturation et suivi de la paie des intermittents
 Élaboration des tarifs et suivi du plan pluriannuel d'investissement
 Suivi analytique des activités et élaboration de documents financiers annuels
 Collaboration avec les services et partenaires autour des enjeux financiers

Concernant La Billetterie

 Gestion de la régie comptable de recettes (billetterie) et de dépenses.
 Organisation et suivi des commandes
 Responsabilité de la billetterie dans son organisation et de l'équipe d'accueil : 1 agent à encadrer et une équipe de 4 vacataires occasionnels. (notamment les soirs)

Recherche Et Suivi Des Financements

 De l'élaboration des dossiers de demandes aux bilans et au versement des soldes.
 Bilans statistiques sur l'activité de la salle et du service.

PROFIL ET COMPÉTENCES

 Diplôme de Bac +3 à Bac 5 en gestion de projets culturels ou administration
 Maîtrise des règles administratives, juridiques et financière du spectacle vivant et de la FPT
 Connaissance et gestion de projets artistiques fortement appréciés
 Gestion de régie et de billetterie
 Gestion sociale des contrats d'artistes et techniciens
 Organisation, rigueur et gestion des priorités
 Autonomie et prise d'initiative attendues
 Adaptabilité et curiosité appréciées

CONDITIONS DE RECRUTEMENT

 Poste en remplacement sur le grade d'Attaché (A) ou de Rédacteur (B)
 Rémunération statutaire : traitement indiciaire, régime indemnitaire et prime annuelle.
 Prise en charge possible d'une mutuelle et/ou prévoyance labellisée + COS38 + COSACAF+ prise en charge des abonnements de transports en commun à hauteur de 75%, abonnement vélo à 100%, participation au RIE.
 Temps de travail complet, 35h annualisé. Présence les soirs de concerts impérative.
 Fermeture de la structure de mi-juillet à mi-août 2026

LES CANDIDATURES SANS LETTRE DE MOTIVATION NE SERONT PAS ETUDIEES",
156,QUEUED,Contrôleur financier H/F,Ailan RH,La Tour-du-Pin (38),,LinkedIn,2026-05-05,https://mail.google.com/mail/u/0/#all/19e016c2c9a94380,https://www.linkedin.com/jobs/view/4410523884/,"Contrôleur financier via Ailan RH (recruiter), La Tour-du-Pin (38). Actual employer and salary unknown.","People you can reach out to
Meet the hiring team


Magali Camus

• 3rd

Fondatrice chez Ailan RH | Experte en recrutement cadres et dirigeants-Secteur Industriel  | Coach professionnelle certifiée

Job poster

Message
About the job
Nord Isère (38) – La Tour du Pin

Vous souhaitez allier expertise financière, proximité terrain et impact concret sur la performance industrielle ?

Vous aimez comprendre les flux, analyser les coûts et accompagner les équipes opérationnelles dans leurs décisions ? Ce poste est fait pour vous.



Votre futur environnement

Rejoignez un groupe industriel innovant, à dimension internationale, reconnu pour son savoir‑faire technique.

Le poste s’inscrit dans un contexte multisites (3 sites), avec une forte collaboration entre la finance, la production, la supply chain et le commerce.

Vous êtes un véritable business partner du management et jouez un rôle clé dans le pilotage de la performance économique.



Votre rôle : accompagner la performance industrielle

Votre mission principale consiste à fiabiliser l’information financière, optimiser les coûts et éclairer les décisions stratégiques.

À ce titre, vous intervenez notamment sur :

L’élaboration et l’analyse du reporting financier et industriel mensuel
Le pilotage budgétaire, les forecasts et le suivi des écarts de performance
Les analyses de coûts, calculs de rentabilité produits et indicateurs industriels
L’optimisation des stocks et des flux économiques
Le support opérationnel aux équipes production, supply chain et commerciales
L’amélioration continue des processus financiers, outils ERP/BI et KPI
La participation active aux audits, au contrôle interne et au respect des normes comptables
Vous contribuez également aux réflexions stratégiques à court et long terme, dans une logique d’amélioration durable de la performance.



Votre profil

Formation supérieure en finance / comptabilité / contrôle de gestion (Master, DSCG, équivalent)
Minimum 5 ans d’expérience sur un poste similaire, idéalement en environnement industriel et de production
Solides compétences en comptabilité, contrôle de gestion et analyse financière
À l’aise avec les outils informatiques et ERP
Anglais courant, à l’oral comme à l’écrit
Reconnu(e) pour votre rigueur, sens de l’analyse, esprit de synthèse et votre excellent relationnel
Goût pour le terrain, la technique et le travail en équipe dans un environnement multiculturel
Les profils à potentiel et évolutifs seront également considérés.


Requirements added by the job poster

• Authorized to work in France

• 1+ years of Manufacturing experience",
145,OPERATIONAL,Responsable (H/F),Not disclosed (France Travail posting),Le Versoud (38),,LinkedIn,2026-05-04,https://mail.google.com/mail/u/0/#all/19dfcb3a9d1b5c0e,https://www.linkedin.com/jobs/view/4410562546/,"OPERATIONAL ROLE — review for fit. Title too generic; supply chain/operational role inferred from alert. Le Versoud (38,","People you can reach out to

Company alumni from Schneider Electric

Show all
About the job
Manpower CROLLES recherche pour son client, dans le cadre de son développement, un Responsable préparation et logistique chantier (H/F).

Notre client est spécialisé dans les solutions de revêtements techniques anti-usure pour des environnements industriels exigeants.

En lien direct avec le deviseur et les équipes opérationnelles, vos missions seront les suivantes :

 Assurer la préparation et l'organisation logistique des chantiers, en garantissant la disponibilité et la conformité du matériel.
 Anticiper les besoins des chantiers, préparez les listes de matériel et passez les commandes de matières et de locations nécessaires.
 Constituer les palettes, réalisez les listes de colisage et préparez l'ensemble des dossiers administratifs de chantier (protocoles d'intervention, analyses de risques, fiches de sécurité et fiches techniques).
 Piloter la gestion des flux de matériel entrants et sortants, organisez les transports et assurez le suivi des retours de chantier : contrôle du matériel, nettoyage, remise en stock et traçabilité de l'entretien du parc.
 Veiller à la bonne tenue des zones de stockage, au respect des stocks minimums et à l'optimisation des niveaux de stock.
 Participer aux inventaires, aux réunions hebdomadaires (planning, flux atelier) et assurez la coordination avec le site de Rouen pour le suivi des plannings et des flux.
 Anticiper les besoins en réapprovisionnement ou en dépannage et utilisez au quotidien un logiciel de gestion.

Des déplacements occasionnels sont à prévoir pour renforcer les équipes terrain, effectuer des dépannages de proximité ou participer à des audits chantiers.

 Vous êtes reconnu(e) pour votre sens de l'organisation, votre rigueur et votre fiabilité
 Vous appréciez le travail en équipe et savez gérer plusieurs sujets en parallèle
 Vous faites preuve d'autonomie dans la gestion de vos missions
 Une expérience en logistique, gestion de stock ou préparation de chantier est un réel atout
 Vous maîtrisez les outils informatiques

Ce que l'entreprise propose

 Un poste central dans le bon fonctionnement des chantiers
 Un environnement opérationnel, concret et terrain
 Un rôle clé dans la performance et la fluidité des projets
 Une équipe à taille humaine, dynamique et engagée",
96,QUEUED,Responsable comptable et financier,Not disclosed,Saint-Baldoph (73),€50-60K,Indeed,2026-04-30,https://mail.google.com/mail/u/0/#all/19de56f668b5c845,Not available,"Responsable comptable et financier posted by recruiter 6e Sens RH, Saint-Baldoph near Chambéry (Yellow zone). Employer u","Lieu
Saint-Baldoph (73)
&nbsp;
Description du poste
Vous souhaitez évoluer dans un environnement dynamique et diversifié ? Notre client, PME d'une quarantaine de salariés, dans le secteur de l'œnologie vous propose de rejoindre ses équipes en tant que Responsable comptable & financier (H/F)

Vos missions:

Pilotage administratif, comptable et financier

Finaliser et superviser les bilans des sociétés (5) et liasses en lien avec le CAC
Saisir quelques écritures comptables (provisions, amortissements, régularisations…), analytique sur différentes sociétés
Assurer la conformité fiscale : déclaration de TVA, ISA, CVAE...
Élaborer les budgets prévisionnels et assurer leur suivi
Mettre en place et suivre les tableaux de bord et indicateurs de performance
Réaliser les analyses financières dans le cadre de l'optimisation des bilans
Assurer la gestion de la trésorerie et les relations avec les établissements bancaires
Préparer les situations comptables et clôtures
Gestion juridique et relations avec les partenaires

Gérer les opérations relevant du droit des sociétés
Assurer le lien avec l’administration fiscale
Suivre les dossiers contentieux
Coordonner les relations avec les experts externes : avocat, commissaire aux comptes...
Gérer les dossiers d’aides et subventions
Gestion sociale

Réaliser les paies de la société mère et les déclarations sociales associées (5 paies)
Gestion financière et pilotage stratégique

Suivre les flux de trésorerie et analyser les écarts
Superviser les encaissements et décaissements
Élaborer les plans de financement des investissements
Conseiller la direction sur les orientations financières et stratégiques
Assurer le suivi des biens immobiliers
Participer à la gestion des placements financiers
Gestion administrative et moyens généraux

Superviser les services généraux (assurances, équipements, contrats prestataires, sécurité, travaux)
Être référent informatique pour les outils de gestion et le système d’information
Assurer le lien avec le prestataire informatique
Préparer les réunions de direction et rédiger les comptes rendus
Compétences techniques

Solides connaissances en comptabilité, finance
Maîtrise des outils bureautiques, notamment Excel
Connaissance des systèmes d’information de gestion
Capacité à analyser, synthétiser et piloter des indicateurs
Qualités personnelles

Sens de l’anticipation et de l’organisation
Autonomie et fiabilité
Esprit d’analyse et de synthèse
Bon relationnel et capacité à travailler en lien étroit avec la direction et les équipes
Polyvalence et adaptabilité
Conditions

Poste basé secteur Saint Baldoph (73)
Environnement multi-activités / multi-sociétés
PME d'une quarantaine de personnes
Salaire 50 60K brut annuel incluant un 13eme mois
Pourquoi rejoindre cette entreprise ?

Vous occuperez un poste stratégique avec une forte proximité avec la direction et un périmètre d’intervention large.

Type d'emploi : CDI, Temps plein

Rémunération : 50 000,00€ à 60 000,00€ par an

Lieu du poste : En présentiel",
106,QUEUED,Responsable comptable H/F,Hays France,Voiron,,Indeed,2026-05-01,https://mail.google.com/mail/u/0/#all/19de9b54f15f694a,Not available,"Yellow zone (Voiron), Responsable comptable via Hays agency, no salary, company hidden — need company, salary, hybrid po","Lieu
38500 Voiron
&nbsp;
Description du poste
Notre client, une entreprise industrielle basée près de Voiron, recherche dans le cadre d'une création de poste un responsable comptable.

Rattaché au DAF, vous supervisez la comptabilité quotidienne de plusieurs sociétés du groupe et participez aux travaux de clôture, à la gestion de trésorerie, à la fiscalité ainsi qu'à des projets transverses. Vos responsabilités sont notamment les suivantes :

Tenir et superviser la comptabilité générale et analytique de plusieurs sociétés
Superviser les factures fournisseurs, clients, les relances et balances âgées
Suivre et contrôler les notes de frais
Réviser périodiquement la comptabilité pour les besoins de clôture et de reporting
Participer aux clôtures comptables, préparer les OD, transmettre les éléments aux CAC
Gérer et organiser les paiements, solder les comptes courants, assurer la trésorerie
Effectuer les déclarations fiscales (TVA, DAS2, CVAE, etc.)
Assurer une veille réglementaire et gérer les contrôles fiscaux
Participer à la facturation interco et aux analyses ponctuelles
Être un soutien de l'équipe en cas d'absence ou de surcharge
Titulaire d'une formation comptable de type DCG ou DSCG, vous disposez d'au moins 5 ans d'expérience professionnelle en comptabilité acquise idéalement pour partie en cabinet comptable et en entreprise.
La connaissance de SAGE est un plus, de même que la maitrise de l'anglais.
Rigueur, autonomie et proactivité seront vos atouts pour réussir dans le poste.",
141,QUEUED,Manager Comptable H/F,Not disclosed (Skills Grenoble),Grenoble (38),,Direct,2026-05-04,https://mail.google.com/mail/u/0/#all/19df87dafe20580c,Not available,Accounting manager role via Skills Grenoble (employer not disclosed). No URL available. Salary and company missing.,"Manager Comptable H/F
Skills Grenoble
Grenoble - 38
CDI

40 000 - 50 000 € / an
Cabinet de recrutement
Bac +3, Bac +4
Bac +5
Services aux Entreprises
Exp. 3 ans min.

Le job

Le cabinet de recrutement
Postuler sur le site du recruteur
Les missions du poste
Nous recherchons pour l'un de nos clients, un cabinet d'expertise comptable situé à Grenoble, un(e) Manager Comptable en CDI. Ce poste stratégique vous permettra de prendre en charge la gestion d'un portefeuille clients diversifié, tout en participant activement au développement de l'activité. Vous évoluerez dans un environnement dynamique et exigeant où la rigueur et l'esprit d'équipe sont primordiaux.

- Superviser la gestion comptable et fiscale des dossiers clients, garantir la qualité des travaux réalisés
- Coordonner et accompagner une équipe de collaborateurs comptables, assurer leur montée en compétences
- Assurer la relation avec les clients, conseiller et anticiper leurs besoins
- Participer à l'élaboration des clôtures annuelles, bilans et liasses fiscales
- Analyser les comptes et produire des reportings financiers fiables et pertinents
- Veiller au respect des délais et des normes en vigueur, en lien avec les évolutions réglementaires
- Contribuer à l'amélioration continue des processus internes et à la digitalisation des tâches
- Collaborer avec les autres services pour optimiser la gestion des dossiers et renforcer la satisfaction client

Le poste offre une rémunération attractive comprise entre 40 000 et 50 000 euros annuels selon expérience et compétences. Il s'adresse à un professionnel engagé, autonome, capable de fédérer ses équipes autour des objectifs communs et de porter la croissance du cabinet dans un contexte en constante évolution. Le lieu de travail est basé à Grenoble, accessible et convivial.",
142,QUEUED,DAF H/F,Not disclosed (LHH Recruitment Solutions),,,Direct,2026-05-04,https://mail.google.com/mail/u/0/#all/19df79687a383cf2,Not available,DAF role via LHH Recruitment Solutions (employer/location not disclosed). Top target title. No details available — check,"Détail du poste
Votre mission

LHH Recruitment Solutions, cabinet de conseil en recrutement et évaluation d'experts, cadres et dirigeants, accompagne un acteur de référence de la distribution spécialisée dans la recherche de son futur Directeur Administratif et Financier (H/F).

Membre du Comex, et rattaché à la Direction Générale, vous intervenez dans un contexte de transformation au coeur des enjeux de performance et de développement de l'entreprise.
Votre rôle s'inscrit pleinement dans la définition et le pilotage de la trajectoire financière et opérationnelle du groupe.

Responsabilités
À la tête d'une équipe d'environ 50 collaborateurs, vous êtes garant(e) de la performance et de la fiabilité de l'ensemble des fonctions financières :

- Supervision de la comptabilité, du contrôle de gestion, de la trésorerie et de la fiscalité
- Pilotage des clôtures et fiabilisation de l'information financière
- Construction et suivi des budgets, forecasts et plans stratégiques
- Accompagnement de la Direction Générale et du CODIR dans les prises de décision structurantes
- Déploiement et optimisation des outils de pilotage de la performance
- Gestion des relations avec les partenaires financiers et externes
- Structuration, animation et développement des équipes Finance

Votre profil

De formation supérieure en finance, vous justifiez d'une expérience confirmée de Direction Financière dans des environnements exigeants, idéalement multi-sites et en transformation.
Votre leadership, votre hauteur de vue et votre capacité à évoluer dans des contextes de croissance ou de structuration vous permettent d'intervenir comme véritable partenaire stratégique de la Direction Générale.
Vous rejoignez une organisation solide et en développement, offrant une exposition forte au sein d'un COMEX engagé dans une dynamique de transformation et de création de valeur durable.

A propos de nous

LHH Recruitment Solutions, cabinet spécialisé en recrutement et évaluation d'experts, cadres et dirigeants, vous accompagne tout au long de votre parcours professionnel pour bâtir un Beautiful Working World.

À l'écoute de vos ambitions, nos spécialistes en recrutement vous conseillent et vous guident afin de vous épanouir et d'atteindre la prochaine étape de votre carrière dans un environnement de travail inspirant et harmonieux.",
144,QUEUED,Responsable Administratif et Financier H/F,Groupement Mousquetaires,,,Direct,2026-05-04,https://mail.google.com/mail/u/0/#all/19dfca45f035676f,Not available,"RAF at Groupement Mousquetaires via HelloWork. Location, salary, and scope all missing.","Le job

L'entreprise
Postuler
Les missions du poste
Vous êtes expert(e) en finance et administratif et souhaitez travailler dans un environnement magasin multi-établissements ?

Nous recherchons un(e) Responsable administratif et financier pour définir et superviser la gestion administrative (procédures, fonctionnement, affaires juridiques, ...) et financière (trésorerie, contrôle de gestion, ...) de nos magasins alimentaires présents sur la région grenobloise selon les choix stratégiques adoptés par les instances dirigeantes et les réglementations (financières, fiscales et commerciales) nationales ou internationales.

Votre rôle consistera à :

Pilotage et maîtrise des coûts

Gérer la relation avec les fournisseurs, sous-traitants, prestataires
Assurer la gestion administrative d'une activité
Gestion et contrôle

Élaborer, suivre et piloter un budget
Réaliser des opérations comptables
Superviser les procédures de gestion financière
Mettre en oeuvre un contrôle de gestion, un audit interne
Gérer la trésorerie

Coordonner et superviser la gestion du patrimoine mobilier et immobilier
Définir la stratégie financière d'une structure
Développement commercial

Réaliser des actions de négociation avec des financeurs
Calculer les marges, la rentabilité d'un produit ou d'une activité",
75,UNREADABLE,Cadremploi alert,Not disclosed,,,Cadremploi,2026-04-29,https://mail.google.com/mail/u/0/#all/19ddf3e28e86e762,Not available,"RAF/Consolidation/Trésorerie alert — Cadremploi HTML-only, check manually",expired,D
76,UNREADABLE,Contrôleur de Gestion Usine CDD H/F,Candia,,,Direct,2026-04-29,https://mail.google.com/mail/u/0/#all/19dde4767a4aa770,Not available,"CDG Usine CDD @ Candia — Hellowork HTML-only, check manually",expired,D
77,UNREADABLE,Cadremploi alert,Not disclosed,,,Cadremploi,2026-04-29,https://mail.google.com/mail/u/0/#all/19dde031112161b5,Not available,"1 offre RAF/Consolidation/Trésorerie — HTML-only, check manually",expired,D
78,UNREADABLE,Cadremploi alert (modified criteria),Not disclosed,,,Cadremploi,2026-04-29,https://mail.google.com/mail/u/0/#all/19ddded8914df2a4,Not available,3 offres CDG/Contrôle de gestion/Financial Controller expanded criteria — HTML-only,expired,D
79,UNREADABLE,Chargé d'Affaires SAV H/F,KALI Group,,,Direct,2026-04-29,https://mail.google.com/mail/u/0/#all/19ddd5e8d4fb3744,Not available,Chargé Affaires SAV @ KALI Group — Hellowork HTML-only — likely not finance,"Le job
Postuler
Les missions du poste
Rejoignez KALI GROUP, société spécialisée dans l'accompagnement de projets industriels à forte valeur ajoutée technique.

Nous intervenons auprès d'acteurs industriels sur des équipements complexes, notamment dans le domaine des fours industriels et procédés thermiques.

Dans ce cadre, nous recrutons un Chargé d'Affaires SAV F/H, basé à Grenoble (38).

Mission

En tant que Chargé d'Affaires SAV, vous pilotez vos affaires de maintenance et d'amélioration, tout en développant l'activité auprès des clients.

À ce titre, vous serez en charge de :

Développer et entretenir la relation client
Analyser les besoins et établir les offres techniques et commerciales
Négocier et suivre les affaires jusqu'à leur réalisation
Préparer les interventions (planning, ressources, pièces)
Piloter et coordonner les chantiers et les sous-traitants
Intervenir ponctuellement sur site (maintenance, assistance, amélioration)
Assurer le suivi technique, financier et la satisfaction client
Rédiger les comptes rendus et assurer la traçabilité des interventions.

Voir moins",
80,UNREADABLE,APEC alert,Not disclosed,,,APEC,2026-04-30,https://mail.google.com/mail/u/0/#all/19de202b0e6c6c7e,Not available,APEC HTML-only — check apec.fr manually,"aafu0wcia1
Ref. Apec : 178621642W / Ref. Société : aafu0wcia1
Spartoo
 1 
 CDI 
Grenoble - 38
oqa
Publiée le 30/04/2026
Actualisée le 30/04/2026
Vous avez sauvegardé cette offre

Postuler sur le site de l'entreprise
Salaire
32 - 40 k€ brut annuel
Prise de poste
Dès que possible
Expérience
Tous niveaux d'expérience acceptés
Métier
Contrôleur de gestion
Statut du poste
Cadre du secteur privé
Zone de déplacement
Pas de déplacement
Secteur d’activité du poste
COMMERCE DE DÉTAIL DE LA CHAUSSURE
Signaler cette offre
Descriptif du poste
Nous recrutons !

💼 Poste : Contrôleur de gestion - H/F

📍 Lieu : Grenoble

📜 Type de contrat : CDI

📅 Date de démarrage : Dès que possible

🎯 Vos missions :  

Rattaché(e) à la direction financière, vos principales missions seront les suivantes :

Mesurer, contrôler et prévoir les résultats opérationnels de l'entreprise (indicateur de gestion, contrôle des risques financiers et écarts avec les prévisions) ;

Assurer le reporting des résultats au comité de direction (reporting et analyses mensuelles, réalisation d'études économiques et financières, synthèses d'activité, etc.) ;

Appuyer les opérationnels dans le cadre d'analyse, assurer la performance de l'activité économique et des instruments de pilotage (système d'information, tableaux de bord, etc.) ;

Conseiller et challenger les décideurs lors de prise de décision pour calculer le coût financier, évaluer les risques, proposer des alternatives et plus spécifiquement challenger les responsables d'équipes sur la variation de leurs indicateurs ;

Suivre les projets sur la mise en place d'outils afin d'améliorer le suivi de performance de l'entreprise.


Profil recherché
Nous recherchons avant tout une personne curieuse et motivée, prête à relever de nouveaux défis avec nous !

Chez Spartoo, nous valorisons chaque talent ! Voici un aperçu des qualités qui vous aideront à vous distinguer :

Diplômé.e d'un bac +5 en école de commerce, école d'ingénieur ou universitaire avec une orientation gestion/finance.

Vous êtes reconnu.e pour votre pragmatisme, votre rigueur, votre autonomie et votre grande capacité d'analyse

Vous appréciez le travail en équipe et vous avez envie de vous investir dans un projet.

Vous possédez idéalement une première expérience en contrôle de gestion (stages et alternances compris).

Prêt(e) à rejoindre une entreprise où vous pourrez grandir, apprendre et vous épanouir ?

N'attendez plus, envoyez-nous votre CV ! 📩

Notre processus de recrutement :

Un premier échange téléphonique avec notre équipe recrutement.

Un premier entretien physique avec le manager et le chargé de recrutement afin d'en apprendre plus sur vous.

Un test de personnalité et des tests techniques pour en découvrir davantage sur vos compétences.

Un dernier échange avec l'un des membres de la Direction sera prévu selon les postes.

 

""Cherche plus partout, viens chez Spartoo !""


Compétences attendues

Langues
Aucune langue attendue

Savoir-être
Ambition

Audace

Voir plus

Savoir-faire
Analyse financière

Commerce

Voir plus

Entreprise
Rejoignez l'aventure Spartoo et faites la différence !

Spartoo, c'est une success story qui voit le jour en 2006 à Grenoble, lorsque Boris, Paul et Jérémie, trois amis passionnés de chaussures et de digital, décident de se lancer dans une aventure audacieuse. Ils créent Spartoo.com, un nom inspiré des spartiates, ces sandales en cuir emblématiques dont le nom fait référence à la mythique cité de Sparte.

Depuis sa création, Spartoo a connu une croissance fulgurante, s'imposant comme un acteur incontournable de la mode en France et en Europe. Introduite en bourse en 2021, l'entreprise poursuit son ascension avec un chiffre d'affaires dépassant les 128 000 000euro en 2024.

Aujourd'hui, Spartoo c'est :

Une présence dans 30 pays, qui fait rayonner notre expertise à l'international

Un catalogue de plus d'1 million de modèles de chaussures, prêt-à-porter et maroquinerie

9 millions de visiteurs uniques chaque mois

Une équipe de 400 collaborateurs, dont 200 basés au siège social de Grenoble

Notre plus grande richesse ne se trouve pas dans nos succès, mais dans ceux qui les rendent possibles !

Spartoo, c'est avant tout une équipe passionnée, un esprit d'innovation et une ambition sans limite. Nous croyons en un environnement de travail où la collaboration, l'engagement et l'épanouissement personnel sont les piliers de notre réussite collective.

Chez Spartoo, chaque talent compte, et chaque collaborateur a un rôle clé à jouer dans notre développement. Alors, prêt(e) à rejoindre l'aventure ?",
81,UNREADABLE,Cadremploi alert,Not disclosed,,,Cadremploi,2026-04-30,https://mail.google.com/mail/u/0/#all/19de3f7943360876,Not available,Cadremploi HTML-only — check manually,Expired,
82,UNREADABLE,Cadremploi alert,Not disclosed,,,Cadremploi,2026-04-30,https://mail.google.com/mail/u/0/#all/19de316cfbc34315,Not available,Cadremploi HTML-only — check manually,"Logo de MICHAEL PAGE
MICHAEL PAGE
Contrôleur de gestion H/F
Vinay

CDI

48K€ - 52 K€

Equipement industriel

Populaire

Publiée il y a 7 jours
Quelles sont les missions ?
Rattaché(e) au Directeur Administratif et Financier, vous êtes un acteur clé du pilotage économique et financier, au service des équipes opérationnelles et de la direction.

Vos principales missions sont :

* Construire et piloter les tableaux de bord financiers et opérationnels (coûts, marges, rentabilité, production).
* Élaborer les budgets et le plan à moyen terme, en collaboration avec les différents services.
* Analyser les écarts réel / budget / forecast et proposer des actions correctives.
* Réaliser les analyses de coûts de revient et de rentabilité (produits, projets, affaires).
* Produire des reportings financiers et extra¿financiers.
* Mener des analyses ponctuelles pour éclairer la prise de décision.
* Accompagner de façon opérationnelle 1 contrôleur de gestion.

Environnement à taille humaine.

Management participatif et collaboratif.

Ambiance conviviale.
Quel est le profil idéal ?
Formation Bac+5 en contrôle de gestion ou finance.

Minimum 5 ans d'expérience en contrôle de gestion industriel.

Très bonne maîtrise d'Excel et d'un ERP.

Rigueur, autonomie, esprit d'analyse, sens du collectif et aisance dans la communication, agilité sont les atouts pour réussir sur cette fonction.

Une première expérience managériale est un atout.
Informations complémentaires
Salaire

48k€ - 52k€",
83,UNREADABLE,Cadremploi alert,Not disclosed,,,Cadremploi,2026-04-30,https://mail.google.com/mail/u/0/#all/19de3140e29751bc,Not available,Cadremploi HTML-only — check manually,"Logo de MICHAEL PAGE
MICHAEL PAGE
Déjà consultée
Responsable Financier - RAF (F/H)
Redon

CDI

55K€ - 65 K€

Equipement industriel

Populaire

Publiée il y a 9 jours
Quelles sont les missions ?
Rattaché à la Direction Financière Groupe, vous assurez avec votre équipe (2-3 comptables) l'intégralité de la production comptable et financière de votre périmètre. Tout en conservant un rôle opérationnel (comptabilité transactionnelle et générale, révision comptable, suivi du cash et optimisation du BFR), vous développez l'approche analytique, et contribuez activement à l'adoption optimale du nouvel ERP. Vos missions :

* Management d'une équipe de 2-3 personnes : planification des tâches, appui technique, accompagnement à la montée en compétences,
* Production de l'intégralité de la comptabilité auxiliaire (fiabilisation et standardisation des processus), générale (NDF, provisions, intercos...) et analytique,
* Révision et justification des comptes, préparation des dossiers de clôtures mensuelles (J+4),
* Supervision de la fiscalité courante (consolidation, IS, liasse et bilan sont externalisés)
* Suivi de la trésorerie (analyse balance âgée/BFR),
* Approfondissement du contrôle de gestion, aide au paramétrage analytique sous SAP,
* Reportings en accord avec les normes comptables Groupe, analyse et explication d'écarts,
* Optimisation des outils et process en accord avec les pratiques du Groupe,
* Relations avec les CAC, cabinet d'expertise, administration fiscale, auditeurs, CODIR local.

La rémunération et les avantages sur ce poste sont les suivants :

* Un package compris entre 55 000 EUR et 65 000 EUR (incluant bonus, intéressement, participation);
* La chance d'évoluer dans un environnement stimulant au sein du secteur industriel, dans lequel votre montée en compétences pourra être accompagnée;
* La possibilité d'intégrer un CODIR et d'être dans l'impact
Voir plus 
Quel est le profil idéal ?
Diplômé supérieur en comptabilité finance, vous justifiez de 5 années minimum d'expérience sur un poste similaire ou en cabinet d'audit. Vous souhaitez vous inscrire dans un environnement qui vous permettra de continuer de développer vos compétences, notamment en contrôle de gestion. Vos atouts sont :

* Solides bases comptables et financières/reporting,
* Appétence pour les outils SI (SAP idéalement) et capacité à accompagner les projets informatiques et leur adoption par les équipes,
* Excellente communication,
* Aptitudes d'analyse et de synthèse,
Informations complémentaires
Salaire

55k€ - 65k€",
84,UNREADABLE,Cadremploi alert,Not disclosed,,,Cadremploi,2026-04-30,https://mail.google.com/mail/u/0/#all/19de2d711827b017,Not available,Cadremploi HTML-only — check manually,Expired,D
85,UNREADABLE,Manager de Transition Supply Chain H/F,Geser Best,,,Direct,2026-04-30,https://mail.google.com/mail/u/0/#all/19de2ba9cfa03c84,Not available,Hellowork HTML-only — check manually at hellowork.com,Salary too low,D
115,UNREADABLE,Cadremploi alert,Not disclosed,,,Cadremploi,2026-05-01,https://mail.google.com/mail/u/0/#all/19de918097909b27,Not available,Cadremploi HTML-only — open Gmail link to review and paste JD,expired,D
116,UNREADABLE,Cadremploi alert,Not disclosed,,,Cadremploi,2026-05-01,https://mail.google.com/mail/u/0/#all/19de83a863fefb0a,Not available,Cadremploi HTML-only — open Gmail link to review and paste JD,Nothing found,D
117,UNREADABLE,Cadremploi alert,Not disclosed,,,Cadremploi,2026-05-01,https://mail.google.com/mail/u/0/#all/19de7fd50b754bcc,Not available,Cadremploi HTML-only — open Gmail link to review and paste JD,expired,D
118,UNREADABLE,Cadremploi alert,Not disclosed,,,Cadremploi,2026-05-01,https://mail.google.com/mail/u/0/#all/19de6f3bbdba9c5d,Not available,Cadremploi HTML-only — open Gmail link to review and paste JD,No match,D
119,UNREADABLE,Votre profil intéresse ces entreprises!,Not disclosed,,,Cadremploi,2026-05-02,https://mail.google.com/mail/u/0/#all/19dee3eb754f78b1,Not available,Cadremploi HTML-only — open Gmail link to review and paste JD,expired,D
120,UNREADABLE,1 offre à ne rater sous aucun prétexte,Not disclosed,,,Cadremploi,2026-05-02,https://mail.google.com/mail/u/0/#all/19ded11b0239354c,Not available,Cadremploi HTML-only — open Gmail link to review and paste JD,"Logo de PERSONAE RECRUTEMENT
PERSONAE RECRUTEMENT
Déjà consultée
Responsable Achats Indirects France & Suisse F/H
Grenoble

CDI

Automobile - Moto

Populaire

Publiée il y a 11 jours
Quelles sont les missions ?
Pour ce périmètre France & Suisse, vous déployez la stratégie Achats Indirects du Groupe et représentez la fonction auprès des directions locales sur des catégories variées : IT, immobilier et facility management, marketing, RH, supply chain, flotte, services généraux... (portefeuille d'environ 100 M¤ et management d'un collaborateur).

Vous pilotez l'optimisation des coûts, de la trésorerie et des investissements, de l'identification des leviers jusqu'à la sécurisation des gains. Vous contribuez à structurer et dynamiser la fonction achats en collaboration étroite avec les équipes locales, tout en accompagnant sa montée en maturité.

Vous participez activement à l'amélioration continue des processus, outils et standards achats, avec un objectif de performance, de conformité et de simplification. Enfin, vous êtes garant du déploiement d'une démarche d'achats responsables sur votre périmètre.


Quel est le profil idéal ?
Issu(e) d'une formation supérieure (école de commerce, d'ingénieurs ou équivalent), idéalement avec une spécialisation achats, vous justifiez d'une expérience confirmée en achats indirects.

Vous avez évolué dans des environnements multisites et décentralisés (retail, services, industrie), idéalement à dimension internationale, et maîtrisez plusieurs catégories d'achats (IT, FM, marketing, flotte, services généraux...). Vous avez démontré votre capacité à piloter des périmètres étendus et à générer de la performance.

Vous êtes à l'aise dans des environnements complexes, avec une forte capacité à influencer et fédérer et savez développer des relations fournisseurs solides, fondées sur le partenariat et la proximité.

Alliant vision stratégique et pragmatisme opérationnel, vous êtes capable de définir et déployer des stratégies achats tout en restant proche du terrain;

Vous maîtrisez les outils, notamment SAP et Excel, et disposez d'une forte appétence pour l'analyse de données et le pilotage de la performance. Vous portez également un réel intérêt aux enjeux RSE appliqués aux achats.

Un anglais opérationnel est requis.
Informations complémentaires
Salaire

Salaire selon profil",
121,UNREADABLE,Contrôleur de Gestion H/F,Not disclosed,,,Direct,2026-05-03,https://mail.google.com/mail/u/0/#all/19df183f4b41b0e3,Not available,HelloWork HTML-only — open Gmail link to review and paste JD,"Contrôleur de Gestion Industriel Multisites H/F
Chapel SAS

Super recruteur
Apprieu - 38
CDI

55 000 - 70 000 € / an
Bac +5
Industrie Manufacturière
Exp. 8 ans

Le job
Postuler
Les missions du poste
Rattaché(e) à la Direction Financière, vous intervenez au coeur des activités industrielles, en France et à l'international.

Vous contribuez à la fiabilité des données économiques et au pilotage de la performance industrielle. À ce titre, vous accompagnez les équipes opérationnelles et veillez à l'harmonisation des pratiques de contrôle de gestion entre les sites.



Activités principales

Analyser en détail les coûts de production afin de comprendre et décomposer le prix de revient des produits
Étudier les processus industriels pour identifier les leviers d'optimisation et améliorer la performance globale des sites
Concevoir et déployer des indicateurs de pilotage pertinents
Sélectionner les données utiles à la prise de décision
Construire des tableaux de bord clairs et directement exploitables par la Direction
Accompagner les responsables industriels dans l'analyse des marges et des performances économiques
Mettre en évidence les écarts et analyser les variations
Proposer des actions correctives visant à améliorer la rentabilité
Réaliser des analyses sur les stocks et les encours de production
Suivre le besoin en fonds de roulement en lien avec l'activité industrielle
Évaluer les investissements industriels et contribuer à l'aide à la décision stratégique
Collaborer avec les équipes locales dans un environnement multi-sites et international
Participer à l'harmonisation des pratiques de contrôle de gestion entre les sites
Assurer une présence terrain régulière, au plus près des ateliers, pour comprendre les réalités opérationnelles
Apporter des analyses concrètes, directement utiles aux équipes",
122,UNREADABLE,Cadremploi alert,Not disclosed,,,Cadremploi,2026-05-03,https://mail.google.com/mail/u/0/#all/19df3dcc5d85f381,Not available,Cadremploi HTML-only — open Gmail link to review and paste JD,expired,D
123,UNREADABLE,Cadremploi alert,Not disclosed,,,Cadremploi,2026-05-03,https://mail.google.com/mail/u/0/#all/19df286b5e06eeba,Not available,Cadremploi HTML-only — open Gmail link to review and paste JD,expired,D
124,UNREADABLE,Cadremploi alert,Not disclosed,,,Cadremploi,2026-05-03,https://mail.google.com/mail/u/0/#all/19df265e20e53d57,Not available,Cadremploi HTML-only — open Gmail link to review and paste JD,"Logo de PERSONAE RECRUTEMENT
PERSONAE RECRUTEMENT
Déjà consultée
Responsable Achats Indirects France & Suisse F/H
Grenoble

CDI

Automobile - Moto

Populaire

Publiée il y a 11 jours
Quelles sont les missions ?
Pour ce périmètre France & Suisse, vous déployez la stratégie Achats Indirects du Groupe et représentez la fonction auprès des directions locales sur des catégories variées : IT, immobilier et facility management, marketing, RH, supply chain, flotte, services généraux... (portefeuille d'environ 100 M¤ et management d'un collaborateur).

Vous pilotez l'optimisation des coûts, de la trésorerie et des investissements, de l'identification des leviers jusqu'à la sécurisation des gains. Vous contribuez à structurer et dynamiser la fonction achats en collaboration étroite avec les équipes locales, tout en accompagnant sa montée en maturité.

Vous participez activement à l'amélioration continue des processus, outils et standards achats, avec un objectif de performance, de conformité et de simplification. Enfin, vous êtes garant du déploiement d'une démarche d'achats responsables sur votre périmètre.


Quel est le profil idéal ?
Issu(e) d'une formation supérieure (école de commerce, d'ingénieurs ou équivalent), idéalement avec une spécialisation achats, vous justifiez d'une expérience confirmée en achats indirects.

Vous avez évolué dans des environnements multisites et décentralisés (retail, services, industrie), idéalement à dimension internationale, et maîtrisez plusieurs catégories d'achats (IT, FM, marketing, flotte, services généraux...). Vous avez démontré votre capacité à piloter des périmètres étendus et à générer de la performance.

Vous êtes à l'aise dans des environnements complexes, avec une forte capacité à influencer et fédérer et savez développer des relations fournisseurs solides, fondées sur le partenariat et la proximité.

Alliant vision stratégique et pragmatisme opérationnel, vous êtes capable de définir et déployer des stratégies achats tout en restant proche du terrain;

Vous maîtrisez les outils, notamment SAP et Excel, et disposez d'une forte appétence pour l'analyse de données et le pilotage de la performance. Vous portez également un réel intérêt aux enjeux RSE appliqués aux achats.

Un anglais opérationnel est requis.
Informations complémentaires
Salaire

Salaire selon profil",
125,UNREADABLE,Cadremploi alert,Not disclosed,,,Cadremploi,2026-05-03,https://mail.google.com/mail/u/0/#all/19df15ccf1df2580,Not available,Cadremploi HTML-only — open Gmail link to review and paste JD,"Logo de MICHAEL PAGE
MICHAEL PAGE
Déjà consultée
Contrôleur de gestion H/F
Vinay

CDI

48K€ - 52 K€

Equipement industriel

Populaire

Publiée il y a 7 jours
Quelles sont les missions ?
Rattaché(e) au Directeur Administratif et Financier, vous êtes un acteur clé du pilotage économique et financier, au service des équipes opérationnelles et de la direction.

Vos principales missions sont :

* Construire et piloter les tableaux de bord financiers et opérationnels (coûts, marges, rentabilité, production).
* Élaborer les budgets et le plan à moyen terme, en collaboration avec les différents services.
* Analyser les écarts réel / budget / forecast et proposer des actions correctives.
* Réaliser les analyses de coûts de revient et de rentabilité (produits, projets, affaires).
* Produire des reportings financiers et extra¿financiers.
* Mener des analyses ponctuelles pour éclairer la prise de décision.
* Accompagner de façon opérationnelle 1 contrôleur de gestion.

Environnement à taille humaine.

Management participatif et collaboratif.

Ambiance conviviale.
Quel est le profil idéal ?
Formation Bac+5 en contrôle de gestion ou finance.

Minimum 5 ans d'expérience en contrôle de gestion industriel.

Très bonne maîtrise d'Excel et d'un ERP.

Rigueur, autonomie, esprit d'analyse, sens du collectif et aisance dans la communication, agilité sont les atouts pour réussir sur cette fonction.

Une première expérience managériale est un atout.
Informations complémentaires
Salaire

48k€ - 52k€",
127,UNREADABLE,Not disclosed,Not disclosed,,,Cadremploi,2026-05-04,https://mail.google.com/mail/u/0/#all/19df68b9aee4b72a,Not available,Cadremploi HTML-only — open Gmail link to review and paste JD. Alert: Directeur Financier / DAF / Finance Director / Hea,"Logo de LHH
LHH
Recruteur actif

DAF Retail (h/f)
Voiron

CDI

Recrutement

Nouveau

Publiée il y a 3 jours
Quelles sont les missions ?


LHH Recruitment Solutions, cabinet de conseil en recrutement et évaluation d’experts, cadres et dirigeants, accompagne un acteur de référence de la distribution spécialisée dans la recherche de son futur Directeur Administratif et Financier (H/F).
Membre du Comex, et rattaché à la Direction Générale, vous intervenez dans un contexte de transformation au cœur des enjeux de performance et de développement de l’entreprise.
Votre rôle s’inscrit pleinement dans la définition et le pilotage de la trajectoire financière et opérationnelle du groupe.
Responsabilités
À la tête d’une équipe d’environ 50 collaborateurs, vous êtes garant(e) de la performance et de la fiabilité de l’ensemble des fonctions financières :

Supervision de la comptabilité, du contrôle de gestion, de la trésorerie et de la fiscalité
Pilotage des clôtures et fiabilisation de l’information financière
Construction et suivi des budgets, forecasts et plans stratégiques
Accompagnement de la Direction Générale et du CODIR dans les prises de décision structurantes
Déploiement et optimisation des outils de pilotage de la performance
Gestion des relations avec les partenaires financiers et externes
Structuration, animation et développement des équipes Finance 
Voir plus 
Quel est le profil idéal ?


De formation supérieure en finance, vous justifiez d’une expérience confirmée de Direction Financière dans des environnements exigeants, idéalement multi-sites et en transformation.
Votre leadership, votre hauteur de vue et votre capacité à évoluer dans des contextes de croissance ou de structuration vous permettent d’intervenir comme véritable partenaire stratégique de la Direction Générale.
Vous rejoignez une organisation solide et en développement, offrant une exposition forte au sein d’un COMEX engagé dans une dynamique de transformation et de création de valeur durable.


Informations complémentaires
Salaire

Salaire selon profil",
128,UNREADABLE,Not disclosed,Not disclosed,,,Cadremploi,2026-05-04,https://mail.google.com/mail/u/0/#all/19df7674267f5a98,Not available,Cadremploi HTML-only — open Gmail link to review and paste JD. Alert: Credit Manager / Responsable Trésorerie / Trésorie,duplicate,D
129,UNREADABLE,Not disclosed,Not disclosed,,,Cadremploi,2026-05-04,https://mail.google.com/mail/u/0/#all/19df7ac6c5dff166,Not available,Cadremploi HTML-only — open Gmail link to review and paste JD. Alert: RAF / Responsable Administratif Financier,Too far,D
130,UNREADABLE,Not disclosed,Not disclosed,,,Cadremploi,2026-05-04,https://mail.google.com/mail/u/0/#all/19df8a7a6596d45c,Not available,"Cadremploi HTML-only — open Gmail link to review and paste JD. Alert: Supply Chain / Demand Planner (Isère, CDI)",Duplicate,D
131,UNREADABLE,Not disclosed,Not disclosed,,,APEC,2026-05-04,https://mail.google.com/mail/u/0/#all/19df76f97f5f6de9,Not available,"APEC HTML-only — open Gmail link to review and paste JD. 11 offres du 05/05/2026, 1 matching.","CGA-00726-26-0437935
Ref. Apec : 178603722W / Ref. Société : CGA-00726-26-0437935
CROUS
 1 
 CDI 
Grenoble - 38
Publiée le 04/05/2026
Actualisée le 04/05/2026
Vous avez sauvegardé cette offre

Salaire
A négocier
Prise de poste
Dès que possible
Expérience
Aucune expérience exigée
Métier
Généraliste RH
Statut du poste
Cadre du secteur public / Armées
Zone de déplacement
Pas de déplacement
Secteur d’activité du poste
ACTION SOCIALE SANS HÉBERGEMENT NCA
Signaler cette offre
Descriptif du poste
 


Le/La gestion travaillera au sein de la DRH du Crous Grenoble Alpes. Cette direction est composée de 14 personnes : la directrice, la directrice adjointe, le responsable pôle carrière et paie, la responsable formation, les 6 gestionnaires RH chargés de la carrière et de la paie, 4 gestionnaires action sociale, formation, médecine préventive.

La direction des ressources humaines a pour mission d'accompagner les 572 personnels qui exercent leurs missions dans le domaine de l'hébergement (agents de service, agents de maintenance, secrétaires etc.), de la restauration (chefs de cuisine, agents d'approvisionnement, serveurs-caissiers, cuisiniers, plongeurs, etc.), de l'action sociale et culturelle et dans les services supports (informatique, communication, budget et comptabilité, marchés publics, bourses, etc.).


Description du poste

Placé(e) sous la responsabilité du responsable pôle carrière et paie, la/le gestionnaire RH aura en charge la gestion de la paie et de la carrière d'un portefeuille d'environ 125 d'agent(e)s titulaires et contractuels.

ACTIVITES PRINCIPALES

1- ELABORATION DE LA PAIE (sous le logiciel Renoirh )

 

 

Recensement, préparation, saisie des éléments de la paie,
Saisie des absences dans le logiciel et déclaration aux organismes,
Génération et contrôle des mouvements de paie,
Gestion des fins de contrats,

2- GESTION ET SUIVI DE LA CARRIERE (sous le logiciel renoirh)

 

 

Alimentation, suivi et fiabilisation des bases de données
Gestion du temps de travail,
Gestion de tous les aspects de la carrière des fonctionnaires (situations administratives, cumuls d'activités, maladie, etc.),
Conseil et information statutaire auprès des agents et de leur encadrement,
Rédaction (ou instruction en lien avec les services académiques) de tous les actes administratifs relatifs au recrutement et la gestion de la carrière des agents de son portefeuille,

MISSIONS TRANSVERSALES

 

 

Organisation des concours 
Gestion des campagnes annuelles d'avancement de grade et liste d'aptitude
Gestion de l'attribution des primes de fin d'année
Des enquêtes, requêtes du CNOUS, Ministère/Rectorat
Participation à l'élaboration du RSU (Rapport Social Unique)
Projets en lien avec la QVCT et l'amélioration continue du service
Veille réglementaire RH
 

 

 

 

 

 

 

 

 

 

 

 

 

 

 

 

 


Profil recherché
 


Une expérience sur un poste similaire serait souhaitable.





Compétences techniques



* Connaissance du Code général de la fonction publique
* Textes réglementaires relatifs à la gestion du temps de travail et des absences
* Maîtrise d'un SIRH (la connaissance de RenoirRH est souhaitée)
* Règles relatives à l'accès aux documents administratifs et à la tenue des dossiers individuels
* Notions fondamentales de la GRH (postes, emplois, métiers, fonctions, etc.)
* Connaissance des partenaires (caisses de retraite, CPAM, Conseil médical, etc.)
* Connaissance du monde de l'enseignement supérieur, expérience administrative avérée

Compétences organisationnelles


* Gestion du cycle complet de la paie
* Très bonne utilisation des logiciels bureautiques (Excel, Word, Outlook, PowerPoint)
* Capacités organisationnelles : priorisation, anticipation, rigueur, méthode
* Capacité à étudier des textes juridiques afin de traiter une demande de conseil et d'élaborer des avis ou préconisations
* Compétences relationnelles - Sens du travail en équipe et force de proposition
* Qualités relationnelles, capacités d'écoute
* Capacité à être une personne ressource pour les agents-usagers
* Discrétion professionnelle

Compétences transversales - Capacités d'analyse et de synthèse




* Excellentes compétences rédactionnelles (orthographe, syntaxe)
* Capacité à étudier des textes juridiques et produire des préconisations
* Force de proposition
* Veille réglementaire RH
* Participation à des projets d'amélioration continue
* Adaptabilité face au changement (évolutions réglementaires etc.)
* Connaissance du monde de l'enseignement supérieur
* Sens du service public

 

 


Compétences attendues

Langues
Aucune langue attendue

Savoir-être
Capacité d'adaptation

Capacité d'analyse

Voir plus

Savoir-faire
Administratif

Actions de formation

Voir plus

Entreprise
OFFRE ACTIVE JUSQU'AU 26/05/2026

Le Crous Grenoble Alpes, établissement public administratif relevant du Ministère de l'enseignement supérieur et de la Recherche, agit au quotidien pour l'amélioration des conditions de vie des 100 000 étudiants de l'académie de Grenoble au travers de la gestion des aides directes (bourses sur critères sociaux, autres aides financières, accompagnement social), de l'hébergement et de la restauration étudiante, de l'action culturelle et l'appui aux initiatives étudiantes. Doté d'un budget de plus de 50 M€ (hors bourses sur critères sociaux), il compte 572 personnels, fonctionnaires et agents sous contrat de droit public, sur les cinq sites universitaires de Grenoble, Valence, Chambéry, le Bourget, Annecy.


Organisation du travail
Volume hebdomadaire 38h - Possibilité de 2 jours de télétravail - Possibilité de travailler sur une petite journée de 5heures
Congés annuels pris en tenant compte des contraintes du calendrier de paie.",
151,UNREADABLE,Not disclosed,Not disclosed,,,Cadremploi,2026-05-04,https://mail.google.com/mail/u/0/#all/19dfe56fcdc78420,Not available,Cadremploi HTML-only — check manually — open Gmail link to review and paste JD,"Logo de GROUPE GONZALES
GROUPE GONZALES
Responsable Administratif et Financier h/f
Estrablin

CDI

65K€ - 75 K€

Equipement industriel

Nouveau

Publiée il y a 2 jours
Quelles sont les missions ?
Rattaché(e) directement à la direction Groupe, vous évoluez dans un environnement multi-sociétés et multi-sites.
Vos actions s'exercent principalement depuis le siège, sur le périmètre des 6 entités françaises, avec pour objectif de structurer, produire, fiabiliser et harmoniser la fonction administrative et financière du Groupe.
Vous encadrez l'équipe comptable (1 Responsable comptable et 2 assistants) en charge de la comptabilité des filiales françaises.
Les filiales internationales étant autonomes sur leurs fonctions administratives et financières, vous assurez un rôle de coordination, sans intervention en production locale.
Vos missions
Structuration et animation de la fonction finance
Définir une organisation cible et des processus adaptés aux enjeux du Groupe
Encadrer et accompagner l'équipe comptable
Renforcer la coordination interne et avec les partenaires externes
Production et fiabilisation de l'information financière
Assurer et coordonner la production comptable des entités françaises
Produire un reporting mensuel Groupe fiable (objectif J+30)
Sécuriser les clôtures et la qualité des données financières
Pilotage et aide à la décision
Apporter une lecture claire de la performance à la direction
Déployer des indicateurs de gestion et outils de pilotage
Structurer les supports de reporting et d'analyse
Fiscalité et trésorerie
Suivre les sujets fiscaux en lien avec les conseils externes
Contribuer à l'optimisation des flux de trésorerie et de la performance financière
Voir plus 
Quel est le profil idéal ?
De formation supérieure en finance, vous justifiez d'une expérience confirmée en environnement Groupe, ETI et/ou industriel, en entreprise et/ou en cabinet.
Vous avez évolué sur un périmètre multi-sociétés et savez conjuguer production, supervision et structuration.
À l'aise dans les environnements en transformation, vous êtes capable de sécuriser l'existant tout en proposant des améliorations concrètes.
Anglais opérationnel apprécié
Affinité pour les environnements industriels et structures à taille humaine
Capacité à prioriser et à déployer des plans d'action pragmatiques
Bonne maîtrise des outils (ERP, Excel avancé, BI, reporting / consolidation)

Processus de recrutement
Étude des candidatures + questionnaire de préqualification
Premier échange avec le Responsable Recrutement
Entretien sur site avec la direction Groupe
Découverte de l'environnement et des équipes
Proposition d'embauche
Une intégration accompagnée
Nous accordons une attention particulière à l'intégration de nos collaborateurs.
Avant votre arrivée, nous restons en contact pour préparer votre prise de poste.
Le jour J, un accueil structuré est organisé avec votre hiérarchie.
Durant votre période d'essai, plusieurs échanges sont prévus afin de garantir une intégration réussie.
GROUPE GONZALES recrute, forme et accompagne les talents.
Voir plus 
Informations complémentaires
Salaire

65k€ - 75k€",
152,UNREADABLE,Not disclosed,Not disclosed,,,Cadremploi,2026-05-04,https://mail.google.com/mail/u/0/#all/19dfcd47b5b4a46d,Not available,Cadremploi HTML-only — check manually — open Gmail link to review and paste JD,"Logo de MICHAEL PAGE
MICHAEL PAGE
Financial Controller (F/H)
Alençon

CDI

50K€ - 60 K€

Equipement industriel

Publiée il y a 7 jours
Quelles sont les missions ?
En tant que Financial Controller, sous la supervision et le reporting direct du Finance Manager, vous superviserez les activités liées au département du contrôle de gestion et de la comptabilité.

Vos responsabilités incluent :

* Préparation et réalisation des clôtures comptables et fiscales conformément aux normes locales (FR GAAP) et IFRS (fournisseurs, clients, comptabilité générale, reporting Groupe, déclarations fiscales, etc.),
* Gestion de la trésorerie et du cash pooling, suivi des comptes clients (recouvrement et gestion des risques),
* Suivi et gestion des OPEX et CAPEX,
* Contrôle des immobilisations et des stocks,
* Mise en place et veille au respect des normes SOX (audit interne),
* Relations avec les commissaires aux comptes (CAC) et les autres parties prenantes de l'entreprise.

La rémunération et les avantages sur ce poste sont :

* Un salaire annuel compris entre 50 000 EUR et 60 000 EUR ;
* La puissance et la robustesse d'un très grand groupe international ;
* l'opportunité de superviser un périmètre finance-comptabilité élargi sur une filiale à taille humaine ;
Quel est le profil idéal ?
Titulaire d'un diplôme en comptabilité finance, vous justifiez de 5 ans minimum d'expérience en cabinet Big4. Vous souhaitez vous inscrire dans un environnement international et vos compétences en anglais (oral et écrit opérationnels) font de vous un candidat légitime. Vos atouts sont :

* Maîtrise générale en finance/comptabilité,
* Proactivité,
* Capacité à travailler en équipe et excellente communication.
* Vos missions impliquent des voyages occasionnels aux UK.

Télétravail possible 3-4j/semaine.
Informations complémentaires
Salaire

50k€ - 60k€",
153,UNREADABLE,Not disclosed,Not disclosed,,,Cadremploi,2026-05-04,https://mail.google.com/mail/u/0/#all/19dfc6914652c7d4,Not available,"Cadremploi HTML-only (4 alerts: CDG/Pilote Financier/FP&A, Credit/Trésorerie, CDG Industriel/FBP, Achats/SC/Audit) — che",Duplicate,D
154,UNREADABLE,Not disclosed,Not disclosed,,,APEC,2026-05-04,https://mail.google.com/mail/u/0/#all/19dfd9d49965547a,Not available,APEC HTML-only — check apec.fr manually — open Gmail link to review and paste JD,Nothing useful,D
162,UNREADABLE,Not disclosed,Not disclosed,,,Cadremploi,2026-05-05,https://mail.google.com/mail/u/0/#all/19e00aa76f520550,Not available,Cadremploi HTML-only — check manually — open Gmail link to review and paste JD,Duplicate,D
163,UNREADABLE,Not disclosed,Not disclosed,,,Cadremploi,2026-05-05,https://mail.google.com/mail/u/0/#all/19e01866f6346a29,Not available,"Cadremploi HTML-only (4 alerts: CDG/FP&A, CDG Industriel/FBP, Achats/SC/Audit, Credit/Trésorerie) — check manually — ope",Duplicate,D
164,UNREADABLE,Not disclosed,Not disclosed,,,Cadremploi,2026-05-05,https://mail.google.com/mail/u/0/#all/19e01f9468e9496a,Not available,"Cadremploi HTML-only (3 modified-criteria alerts: RAF, SC Manager, DAF/Finance Director — combined 12+ listings) — check","This one has 3 jobs I will put all 3 and we can decide to pursue or not
Logo de WINSEARCH PARIS INDUSTRIE
WINSEARCH PARIS INDUSTRIE
Responsable Supply Chain H/F
Paris

CDI

55K€ - 70 K€

Distribution

Nouveau

Publiée il y a 3 jours
Quelles sont les missions ?
Rattaché(e) à la Direction des Opérations, vous prenez en charge l'ensemble de la chaîne logistique, de l'approvisionnement à la livraison client, avec une vision globale et transverse :

-  Définition et mise en oeuvre de la stratégie supply chain (achats, approvisionnement, stockage, distribution)
-  Pilotage des flux physiques et d'information afin d'optimiser les coûts, délais et niveaux de stock
-  Management des équipes logistiques (magasin, planification, ADV le cas échéant)
-  Coordination avec la production, les achats et le commerce pour assurer un taux de service optimal
-  Suivi et analyse des indicateurs de performance (OTIF, rotation des stocks, taux de rupture)
-  Mise en place d'outils d'amélioration continue (lean, S&OP, prévisions de ventes)
-  Gestion des relations avec les transporteurs et prestataires logistiques
-  Contribution aux projets de transformation digitale (ERP, WMS)

Environnement technique

-  ERP industriel (type SAP, Sage X3 ou équivalent)
-  Gestion multi-sites et flux nationaux
-  Production en petites et moyennes séries

Quel est le profil idéal ?
Ce que nous recherchons :

-  Formation Bac+5 en logistique / supply chain / ingénierie
-  Expérience confirmée (minimum 5 ans) sur une fonction similaire en environnement industriel
-  Solide maîtrise des flux supply chain et des outils de pilotage
-  Capacité à structurer, optimiser et accompagner le changement
-  Leadership, rigueur et sens de l'analyse
-  Bon relationnel et esprit collaboratif

Conditions proposées

-  Rémunération : 55 000 EUR à 70 000 EUR brut annuel selon profil
-  Statut cadre
-  Participation / intéressement
-  Poste basé en Île-de-France (nord)

Pourquoi rejoindre cette entreprise ?

-  Groupe en croissance avec une forte culture industrielle
-  Projets structurants et forte autonomie dans le poste
-  Environnement agile, circuits de décision courts

Voir plus 
Informations complémentaires
Salaire

55k€ - 70k€

job 2

Logo de LHH
LHH
Recruteur actif

Supply Chain Manager (h/f)
Custines

CDI

Recrutement

Populaire

Publiée il y a 7 jours
Quelles sont les missions ?


Vous souhaitez piloter une supply chain industrielle exigeante et en flux tendu ? LHH recrute pour l’un de ses clients un·e Supply Chain Manager (H/F) en CDI, basé·e à Custines (54670).
Au sein d’une entreprise industrielle performante, vous prenez en charge l’organisation globale des flux amont et aval pour garantir disponibilité des produits finis et satisfaction clients. Vous déclinez les orientations supply chain définies et contribuez directement à la fiabilité, la qualité et la rapidité des livraisons.
Vous élaborez et déployez la politique de gestion des flux de matières et d’informations, en assurant la cohérence entre besoins de production, contraintes logistiques et engagements clients. Vous mettez en place et suivez les indicateurs de performance logistique, analysez les résultats et traitez les anomalies pour sécuriser l’approvisionnement.
Vous identifiez les flux à anticiper, planifiez l’organisation du travail, ajustez les priorités et coordonnez les opérations de réception, d’expédition et de livraison. Vous optimisez les stocks de matières premières, produits finis et pièces détachées dans un environnement en flux tendu.
Vous menez des actions d’amélioration continue pour renforcer la fiabilité des approvisionnements, optimiser la qualité de service et réduire les coûts sans rupture de stock.
Poste en CDI à pourvoir dès que possible.

Quel est le profil idéal ?


Vous aimez piloter, décider et coordonner, avec une vision globale de la chaîne logistique et un fort sens du service client. Vous êtes à l’aise en environnement industriel exigeant et savez combiner proximité terrain et vision stratégique.
Vous justifiez d’une expérience confirmée en supply chain, logistique industrielle ou gestion de flux. Aucun diplôme précis n’est requis : priment votre maîtrise opérationnelle, votre capacité d’analyse et votre aptitude à structurer une organisation performante.
Compétences comportementales
• Sens de l’organisation et des priorités : structurer, arbitrer et adapter les plans d’action pour tenir les délais.
• Capacité d’analyse et de prise de recul : interpréter les indicateurs, identifier les causes racines, proposer des solutions durables.
• Leadership collaboratif : fédérer les équipes et travailler avec la production, les achats, la qualité et le commerce.
• Réactivité : gérer urgences et aléas sans dégrader la qualité de service.
• Orientation client et résultats : sécuriser la fiabilité des livraisons et contribuer à la performance globale.
Compétences techniques
• Gestion des flux et des stocks en contexte de flux tendu : planification, approvisionnement, optimisation des niveaux de stock.
• Pilotage de la performance logistique : définition, suivi et analyse d’indicateurs (délais, taux de service, stocks, coûts).
• Maîtrise des processus logistiques : réception, stockage, préparation, expédition, livraison.
• Amélioration continue : identification et mise en œuvre de plans d’optimisation.
• Maîtrise d’outils informatiques et d’ERP supply chain.
Maitrise de l'anglais
Envie de prendre les rênes d’une supply chain stratégique et d’impacter la performance d’un site industriel ?
LHH Recruitment Solutions s’engage à promouvoir la diversité et l’égalité des chances. Toute information liée à la candidature est traitée avec la plus stricte confidentialité.

Voir plus 
Informations complémentaires
Salaire

Salaire selon profil

job 3
Logo de ROBERT WALTERS COMMERCE
ROBERT WALTERS COMMERCE
Responsable Supply Chain Site H/F
Anzin

CDI

Métallurgie

Nouveau

Publiée il y a 2 jours
Quelles sont les missions ?
Nous recherchons pour le compte de l'un de nos clients, un acteur industriel international de premier plan, un(e) Responsable Supply Chain H/F pour son site basé dans le Nord (59).

En tant que Responsable Supply Chain H/F, vous êtes garant(e) de la performance globale de la chaîne logistique du site.

Vos missions principales :

* Piloter l'ensemble des flux du site, de la planification à la livraison.
* Mangement d'environ 40 collaborateurs
* Assurer la planification de la production et la fiabilité du processus S&OP.
* Superviser les approvisionnements, la gestion des stocks et les expéditions.
* Optimiser les coûts logistiques et garantir la disponibilité matière.
* Structurer et faire appliquer les standards Supply Chain et les processus internes.
* Anticiper les risques et mettre en oeuvre les actions correctives (qualité, HSE, performance).
* Coordonner les interactions entre la production, la logistique, les services support et la direction.
* Piloter les projets d'amélioration continue liés aux flux, aux stocks et à la performance logistique.
* Garantir la fiabilité et la valorisation des inventaires.
* Collaborer avec les équipes du siège sur des sujets organisationnels et stratégiques.

Un rôle à la fois stratégique et opérationnel, nécessitant une forte présence terrain dans un contexte d'industrie lourde et un anglais courant pour communiquer avec le siège et gérer la logistique groupe.
Voir plus 
Quel est le profil idéal ?
Votre profil ?

* Diplôme d'Ingénieur ou équivalent.
* 15 ans d'expérience en supply chain au sein d'un environnement industriel exigeant (ferroviaire, aéronautique, métallurgie, automobile)
* Expérience confirmée en management d'équipes Supply Chain / Logistique.
* Maîtrise du S&OP, de la planification industrielle et du pilotage de flux complexes.
* À l'aise dans les organisations matricielles internationales.
* Anglais professionnel impératif (environnement européen).
* Leadership naturel, orientation résultats, forte appétence pour le terrain.
* Capacité à évoluer dans un environnement multiculturel, exigeant et en transformation.
Informations complémentaires
Salaire

Salaire selon profil",
165,UNREADABLE,Not disclosed,Not disclosed,,,Cadremploi,2026-05-05,https://mail.google.com/mail/u/0/#all/19e0344a8f96fb8e,Not available,"Cadremploi HTML-only (2 alerts: Credit/Trésorerie, Achats/SC/Audit) — check manually — open Gmail link to review and pas",duplicate ,D
166,UNREADABLE,Not disclosed,Not disclosed,,,APEC,2026-05-05,https://mail.google.com/mail/u/0/#all/19e012f40763e657,Not available,APEC HTML-only — 4 matching listings from 07/05/2026 — check apec.fr manually — open Gmail link to review and paste JD,Nothing good,D
74,UNREADABLE,APEC alert,Not disclosed,,,APEC,2026-04-29,https://mail.google.com/mail/u/0/#all/19ddcecbf0c3812d,,14 offres Apec du 30/04/2026 — open Gmail link to review and paste JD,Nothing good,D